hilo,fase,tipoError,item,error
taskExecutor-2,PROCESS,InvalidDataException,"Transaccion{id=336, fecha=2024-03-14, monto=800, tipo='invalid'}","Transaccion 336 con tipo no valido: invalid"
taskExecutor-3,PROCESS,InvalidDataException,"Transaccion{id=671, fecha=2024-05-17, monto=800, tipo='desconocido'}","Transaccion 671 con tipo no valido: desconocido"
taskExecutor-1,PROCESS,InvalidDataException,"Transaccion{id=3, fecha=2024-04-09, monto=800, tipo='invalid'}","Transaccion 3 con tipo no valido: invalid"
taskExecutor-3,PROCESS,InvalidDataException,"Transaccion{id=674, fecha=2024-10-08, monto=3000, tipo='desconocido'}","Transaccion 674 con tipo no valido: desconocido"
taskExecutor-2,PROCESS,InvalidDataException,"Transaccion{id=338, fecha=2024-06-19, monto=800, tipo='invalid'}","Transaccion 338 con tipo no valido: invalid"
taskExecutor-3,PROCESS,InvalidDataException,"Transaccion{id=675, fecha=2024-11-10, monto=700, tipo='invalid'}","Transaccion 675 con tipo no valido: invalid"
taskExecutor-1,PROCESS,InvalidDataException,"Transaccion{id=4, fecha=2024-05-04, monto=null, tipo='invalid'}","Transaccion incompleta: Transaccion{id=4, fecha=2024-05-04, monto=null, tipo='invalid'}"
taskExecutor-3,PROCESS,InvalidDataException,"Transaccion{id=676, fecha=2024-08-07, monto=null, tipo='debito'}","Transaccion incompleta: Transaccion{id=676, fecha=2024-08-07, monto=null, tipo='debito'}"
taskExecutor-2,PROCESS,InvalidDataException,"Transaccion{id=339, fecha=2024-06-06, monto=null, tipo='invalid'}","Transaccion incompleta: Transaccion{id=339, fecha=2024-06-06, monto=null, tipo='invalid'}"
taskExecutor-3,PROCESS,InvalidDataException,"Transaccion{id=677, fecha=2024-09-02, monto=700, tipo='invalid'}","Transaccion 677 con tipo no valido: invalid"
taskExecutor-1,PROCESS,InvalidDataException,"Transaccion{id=9, fecha=2024-04-07, monto=3000, tipo='invalid'}","Transaccion 9 con tipo no valido: invalid"
taskExecutor-3,PROCESS,InvalidDataException,"Transaccion{id=678, fecha=2024-08-26, monto=800, tipo='invalid'}","Transaccion 678 con tipo no valido: invalid"
taskExecutor-2,PROCESS,InvalidDataException,"Transaccion{id=341, fecha=2024-01-28, monto=-200, tipo='invalid'}","Transaccion 341 con tipo no valido: invalid"
taskExecutor-3,PROCESS,InvalidDataException,"Transaccion{id=679, fecha=2024-04-19, monto=null, tipo='credito'}","Transaccion incompleta: Transaccion{id=679, fecha=2024-04-19, monto=null, tipo='credito'}"
taskExecutor-1,PROCESS,InvalidDataException,"Transaccion{id=10, fecha=2024-10-15, monto=1500, tipo='invalid'}","Transaccion 10 con tipo no valido: invalid"
taskExecutor-3,READ,FlatFileParseException,"672,2024-13-01,-200,credito","Parsing error at line: 673 in resource=[class path resource [data/transacciones.csv]], input=[672,2024-13-01,-200,credito]"
taskExecutor-2,PROCESS,InvalidDataException,"Transaccion{id=342, fecha=2024-07-08, monto=null, tipo='debito'}","Transaccion incompleta: Transaccion{id=342, fecha=2024-07-08, monto=null, tipo='debito'}"
taskExecutor-1,READ,FlatFileParseException,"7,2024-13-01,700,debito","Parsing error at line: 8 in resource=[class path resource [data/transacciones.csv]], input=[7,2024-13-01,700,debito]"
taskExecutor-3,PROCESS,InvalidDataException,"Transaccion{id=684, fecha=2024-11-04, monto=null, tipo='credito'}","Transaccion incompleta: Transaccion{id=684, fecha=2024-11-04, monto=null, tipo='credito'}"
taskExecutor-2,PROCESS,InvalidDataException,"Transaccion{id=343, fecha=2024-01-08, monto=3000, tipo='invalid'}","Transaccion 343 con tipo no valido: invalid"
taskExecutor-1,PROCESS,InvalidDataException,"Transaccion{id=15, fecha=2024-06-01, monto=null, tipo='desconocido'}","Transaccion incompleta: Transaccion{id=15, fecha=2024-06-01, monto=null, tipo='desconocido'}"
taskExecutor-3,PROCESS,InvalidDataException,"Transaccion{id=685, fecha=2024-12-20, monto=1000, tipo='desconocido'}","Transaccion 685 con tipo no valido: desconocido"
taskExecutor-2,PROCESS,InvalidDataException,"Transaccion{id=345, fecha=2024-11-19, monto=700, tipo='invalid'}","Transaccion 345 con tipo no valido: invalid"
taskExecutor-1,PROCESS,InvalidDataException,"Transaccion{id=16, fecha=2024-04-27, monto=1000, tipo='invalid'}","Transaccion 16 con tipo no valido: invalid"
taskExecutor-2,PROCESS,InvalidDataException,"Transaccion{id=346, fecha=2024-10-12, monto=1500, tipo='invalid'}","Transaccion 346 con tipo no valido: invalid"
taskExecutor-3,PROCESS,InvalidDataException,"Transaccion{id=686, fecha=2024-11-01, monto=0, tipo='invalid'}","Transaccion 686 con tipo no valido: invalid"
taskExecutor-2,PROCESS,InvalidDataException,"Transaccion{id=347, fecha=2024-05-20, monto=3000, tipo='invalid'}","Transaccion 347 con tipo no valido: invalid"
taskExecutor-1,PROCESS,InvalidDataException,"Transaccion{id=17, fecha=2024-12-18, monto=-200, tipo='invalid'}","Transaccion 17 con tipo no valido: invalid"
taskExecutor-2,PROCESS,InvalidDataException,"Transaccion{id=352, fecha=2024-02-02, monto=-200, tipo='invalid'}","Transaccion 352 con tipo no valido: invalid"
taskExecutor-3,PROCESS,InvalidDataException,"Transaccion{id=687, fecha=2024-12-12, monto=null, tipo='debito'}","Transaccion incompleta: Transaccion{id=687, fecha=2024-12-12, monto=null, tipo='debito'}"
taskExecutor-1,PROCESS,InvalidDataException,"Transaccion{id=22, fecha=2024-06-05, monto=1000, tipo='invalid'}","Transaccion 22 con tipo no valido: invalid"
taskExecutor-2,PROCESS,InvalidDataException,"Transaccion{id=353, fecha=2024-04-18, monto=null, tipo='credito'}","Transaccion incompleta: Transaccion{id=353, fecha=2024-04-18, monto=null, tipo='credito'}"
taskExecutor-1,PROCESS,InvalidDataException,"Transaccion{id=25, fecha=2024-11-09, monto=null, tipo='debito'}","Transaccion incompleta: Transaccion{id=25, fecha=2024-11-09, monto=null, tipo='debito'}"
taskExecutor-3,PROCESS,InvalidDataException,"Transaccion{id=688, fecha=2024-08-17, monto=1000, tipo='desconocido'}","Transaccion 688 con tipo no valido: desconocido"
taskExecutor-1,PROCESS,InvalidDataException,"Transaccion{id=28, fecha=2024-09-03, monto=null, tipo='desconocido'}","Transaccion incompleta: Transaccion{id=28, fecha=2024-09-03, monto=null, tipo='desconocido'}"
taskExecutor-2,PROCESS,InvalidDataException,"Transaccion{id=354, fecha=2024-01-10, monto=null, tipo='debito'}","Transaccion incompleta: Transaccion{id=354, fecha=2024-01-10, monto=null, tipo='debito'}"
taskExecutor-1,PROCESS,InvalidDataException,"Transaccion{id=29, fecha=2024-05-27, monto=null, tipo='debito'}","Transaccion incompleta: Transaccion{id=29, fecha=2024-05-27, monto=null, tipo='debito'}"
taskExecutor-3,READ,FlatFileParseException,"680,2024-13-01,1500,debito","Parsing error at line: 681 in resource=[class path resource [data/transacciones.csv]], input=[680,2024-13-01,1500,debito]"
taskExecutor-2,PROCESS,InvalidDataException,"Transaccion{id=358, fecha=2024-10-10, monto=null, tipo='invalid'}","Transaccion incompleta: Transaccion{id=358, fecha=2024-10-10, monto=null, tipo='invalid'}"
taskExecutor-1,PROCESS,InvalidDataException,"Transaccion{id=30, fecha=2024-02-09, monto=-200, tipo='invalid'}","Transaccion 30 con tipo no valido: invalid"
taskExecutor-2,PROCESS,InvalidDataException,"Transaccion{id=359, fecha=2024-08-04, monto=null, tipo='debito'}","Transaccion incompleta: Transaccion{id=359, fecha=2024-08-04, monto=null, tipo='debito'}"
taskExecutor-3,READ,FlatFileParseException,"681,2024-13-01,1000,credito","Parsing error at line: 682 in resource=[class path resource [data/transacciones.csv]], input=[681,2024-13-01,1000,credito]"
taskExecutor-2,PROCESS,InvalidDataException,"Transaccion{id=360, fecha=2024-04-23, monto=700, tipo='invalid'}","Transaccion 360 con tipo no valido: invalid"
taskExecutor-1,PROCESS,InvalidDataException,"Transaccion{id=31, fecha=2024-04-11, monto=800, tipo='invalid'}","Transaccion 31 con tipo no valido: invalid"
taskExecutor-3,PROCESS,InvalidDataException,"Transaccion{id=692, fecha=2024-09-15, monto=null, tipo='credito'}","Transaccion incompleta: Transaccion{id=692, fecha=2024-09-15, monto=null, tipo='credito'}"
taskExecutor-2,PROCESS,InvalidDataException,"Transaccion{id=361, fecha=2024-05-08, monto=null, tipo='invalid'}","Transaccion incompleta: Transaccion{id=361, fecha=2024-05-08, monto=null, tipo='invalid'}"
taskExecutor-3,PROCESS,InvalidDataException,"Transaccion{id=693, fecha=2024-02-13, monto=null, tipo='credito'}","Transaccion incompleta: Transaccion{id=693, fecha=2024-02-13, monto=null, tipo='credito'}"
taskExecutor-1,PROCESS,InvalidDataException,"Transaccion{id=32, fecha=2024-01-01, monto=1500, tipo='invalid'}","Transaccion 32 con tipo no valido: invalid"
taskExecutor-3,PROCESS,InvalidDataException,"Transaccion{id=695, fecha=2024-10-20, monto=-200, tipo='invalid'}","Transaccion 695 con tipo no valido: invalid"
taskExecutor-2,PROCESS,InvalidDataException,"Transaccion{id=363, fecha=2024-01-09, monto=1000, tipo='invalid'}","Transaccion 363 con tipo no valido: invalid"
taskExecutor-3,PROCESS,InvalidDataException,"Transaccion{id=696, fecha=2024-05-11, monto=700, tipo='invalid'}","Transaccion 696 con tipo no valido: invalid"
taskExecutor-1,READ,FlatFileParseException,"23,2024-13-01,1000,credito","Parsing error at line: 24 in resource=[class path resource [data/transacciones.csv]], input=[23,2024-13-01,1000,credito]"
taskExecutor-3,PROCESS,InvalidDataException,"Transaccion{id=697, fecha=2024-02-01, monto=800, tipo='invalid'}","Transaccion 697 con tipo no valido: invalid"
taskExecutor-2,READ,FlatFileParseException,"357,2024-13-01,1000,credito","Parsing error at line: 358 in resource=[class path resource [data/transacciones.csv]], input=[357,2024-13-01,1000,credito]"
taskExecutor-1,PROCESS,InvalidDataException,"Transaccion{id=39, fecha=2024-11-18, monto=1200, tipo='invalid'}","Transaccion 39 con tipo no valido: invalid"
taskExecutor-3,PROCESS,InvalidDataException,"Transaccion{id=698, fecha=2024-09-29, monto=700, tipo='invalid'}","Transaccion 698 con tipo no valido: invalid"
taskExecutor-1,PROCESS,InvalidDataException,"Transaccion{id=43, fecha=2024-12-06, monto=-100, tipo='invalid'}","Transaccion 43 con tipo no valido: invalid"
taskExecutor-2,PROCESS,InvalidDataException,"Transaccion{id=369, fecha=2024-09-29, monto=800, tipo='desconocido'}","Transaccion 369 con tipo no valido: desconocido"
taskExecutor-1,READ,FlatFileParseException,"40,2024-13-01,3000,credito","Parsing error at line: 41 in resource=[class path resource [data/transacciones.csv]], input=[40,2024-13-01,3000,credito]"
taskExecutor-3,PROCESS,InvalidDataException,"Transaccion{id=699, fecha=2024-12-10, monto=800, tipo='desconocido'}","Transaccion 699 con tipo no valido: desconocido"
taskExecutor-2,PROCESS,InvalidDataException,"Transaccion{id=374, fecha=2024-07-25, monto=800, tipo='desconocido'}","Transaccion 374 con tipo no valido: desconocido"
taskExecutor-1,PROCESS,InvalidDataException,"Transaccion{id=45, fecha=2024-08-23, monto=null, tipo='credito'}","Transaccion incompleta: Transaccion{id=45, fecha=2024-08-23, monto=null, tipo='credito'}"
taskExecutor-3,PROCESS,InvalidDataException,"Transaccion{id=701, fecha=2024-02-01, monto=3000, tipo='desconocido'}","Transaccion 701 con tipo no valido: desconocido"
taskExecutor-2,PROCESS,InvalidDataException,"Transaccion{id=377, fecha=2024-05-25, monto=null, tipo='credito'}","Transaccion incompleta: Transaccion{id=377, fecha=2024-05-25, monto=null, tipo='credito'}"
taskExecutor-1,PROCESS,InvalidDataException,"Transaccion{id=47, fecha=2024-11-30, monto=1200, tipo='invalid'}","Transaccion 47 con tipo no valido: invalid"
taskExecutor-1,PROCESS,InvalidDataException,"Transaccion{id=52, fecha=2024-03-16, monto=1000, tipo='invalid'}","Transaccion 52 con tipo no valido: invalid"
taskExecutor-3,PROCESS,InvalidDataException,"Transaccion{id=703, fecha=2024-05-05, monto=1500, tipo='invalid'}","Transaccion 703 con tipo no valido: invalid"
taskExecutor-2,PROCESS,InvalidDataException,"Transaccion{id=379, fecha=2024-03-09, monto=1000, tipo='invalid'}","Transaccion 379 con tipo no valido: invalid"
taskExecutor-3,PROCESS,InvalidDataException,"Transaccion{id=704, fecha=2024-02-19, monto=800, tipo='invalid'}","Transaccion 704 con tipo no valido: invalid"
taskExecutor-1,PROCESS,InvalidDataException,"Transaccion{id=53, fecha=2024-07-02, monto=null, tipo='debito'}","Transaccion incompleta: Transaccion{id=53, fecha=2024-07-02, monto=null, tipo='debito'}"
taskExecutor-3,PROCESS,InvalidDataException,"Transaccion{id=709, fecha=2024-05-01, monto=1500, tipo='invalid'}","Transaccion 709 con tipo no valido: invalid"
taskExecutor-2,PROCESS,InvalidDataException,"Transaccion{id=381, fecha=2024-06-25, monto=null, tipo='credito'}","Transaccion incompleta: Transaccion{id=381, fecha=2024-06-25, monto=null, tipo='credito'}"
taskExecutor-3,PROCESS,InvalidDataException,"Transaccion{id=711, fecha=2024-12-06, monto=null, tipo='invalid'}","Transaccion incompleta: Transaccion{id=711, fecha=2024-12-06, monto=null, tipo='invalid'}"
taskExecutor-1,PROCESS,InvalidDataException,"Transaccion{id=54, fecha=2024-02-21, monto=800, tipo='desconocido'}","Transaccion 54 con tipo no valido: desconocido"
taskExecutor-3,PROCESS,InvalidDataException,"Transaccion{id=712, fecha=2024-09-11, monto=null, tipo='debito'}","Transaccion incompleta: Transaccion{id=712, fecha=2024-09-11, monto=null, tipo='debito'}"
taskExecutor-2,PROCESS,InvalidDataException,"Transaccion{id=382, fecha=2024-07-04, monto=500, tipo='invalid'}","Transaccion 382 con tipo no valido: invalid"
taskExecutor-3,READ,FlatFileParseException,"702,2024-13-01,,debito","Parsing error at line: 703 in resource=[class path resource [data/transacciones.csv]], input=[702,2024-13-01,,debito]"
taskExecutor-1,READ,FlatFileParseException,"50,2024-13-01,1200,debito","Parsing error at line: 51 in resource=[class path resource [data/transacciones.csv]], input=[50,2024-13-01,1200,debito]"
taskExecutor-2,PROCESS,InvalidDataException,"Transaccion{id=383, fecha=2024-01-26, monto=800, tipo='invalid'}","Transaccion 383 con tipo no valido: invalid"
taskExecutor-1,PROCESS,InvalidDataException,"Transaccion{id=57, fecha=2024-07-27, monto=-200, tipo='invalid'}","Transaccion 57 con tipo no valido: invalid"
taskExecutor-3,PROCESS,InvalidDataException,"Transaccion{id=713, fecha=2024-07-12, monto=null, tipo='invalid'}","Transaccion incompleta: Transaccion{id=713, fecha=2024-07-12, monto=null, tipo='invalid'}"
taskExecutor-1,PROCESS,InvalidDataException,"Transaccion{id=60, fecha=2024-04-04, monto=-200, tipo='invalid'}","Transaccion 60 con tipo no valido: invalid"
taskExecutor-2,PROCESS,InvalidDataException,"Transaccion{id=384, fecha=2024-05-30, monto=700, tipo='invalid'}","Transaccion 384 con tipo no valido: invalid"
taskExecutor-3,PROCESS,InvalidDataException,"Transaccion{id=714, fecha=2024-06-21, monto=700, tipo='invalid'}","Transaccion 714 con tipo no valido: invalid"
taskExecutor-1,PROCESS,InvalidDataException,"Transaccion{id=65, fecha=2024-10-16, monto=null, tipo='debito'}","Transaccion incompleta: Transaccion{id=65, fecha=2024-10-16, monto=null, tipo='debito'}"
taskExecutor-2,PROCESS,InvalidDataException,"Transaccion{id=385, fecha=2024-07-27, monto=1500, tipo='invalid'}","Transaccion 385 con tipo no valido: invalid"
taskExecutor-1,PROCESS,InvalidDataException,"Transaccion{id=66, fecha=2024-05-28, monto=1500, tipo='invalid'}","Transaccion 66 con tipo no valido: invalid"
taskExecutor-3,PROCESS,InvalidDataException,"Transaccion{id=715, fecha=2024-07-07, monto=700, tipo='invalid'}","Transaccion 715 con tipo no valido: invalid"
taskExecutor-2,PROCESS,InvalidDataException,"Transaccion{id=386, fecha=2024-01-01, monto=-200, tipo='desconocido'}","Transaccion 386 con tipo no valido: desconocido"
taskExecutor-1,PROCESS,InvalidDataException,"Transaccion{id=68, fecha=2024-01-11, monto=3000, tipo='desconocido'}","Transaccion 68 con tipo no valido: desconocido"
taskExecutor-2,PROCESS,InvalidDataException,"Transaccion{id=387, fecha=2024-07-10, monto=3000, tipo='invalid'}","Transaccion 387 con tipo no valido: invalid"
taskExecutor-3,PROCESS,InvalidDataException,"Transaccion{id=717, fecha=2024-03-22, monto=1200, tipo='desconocido'}","Transaccion 717 con tipo no valido: desconocido"
taskExecutor-2,PROCESS,InvalidDataException,"Transaccion{id=388, fecha=2024-09-14, monto=null, tipo='debito'}","Transaccion incompleta: Transaccion{id=388, fecha=2024-09-14, monto=null, tipo='debito'}"
taskExecutor-1,PROCESS,InvalidDataException,"Transaccion{id=69, fecha=2024-09-29, monto=1500, tipo='invalid'}","Transaccion 69 con tipo no valido: invalid"
taskExecutor-2,PROCESS,InvalidDataException,"Transaccion{id=389, fecha=2024-11-19, monto=null, tipo='credito'}","Transaccion incompleta: Transaccion{id=389, fecha=2024-11-19, monto=null, tipo='credito'}"
taskExecutor-3,PROCESS,InvalidDataException,"Transaccion{id=718, fecha=2024-08-25, monto=700, tipo='invalid'}","Transaccion 718 con tipo no valido: invalid"
taskExecutor-2,PROCESS,InvalidDataException,"Transaccion{id=396, fecha=2024-05-23, monto=null, tipo='debito'}","Transaccion incompleta: Transaccion{id=396, fecha=2024-05-23, monto=null, tipo='debito'}"
taskExecutor-1,PROCESS,InvalidDataException,"Transaccion{id=70, fecha=2024-09-18, monto=null, tipo='desconocido'}","Transaccion incompleta: Transaccion{id=70, fecha=2024-09-18, monto=null, tipo='desconocido'}"
taskExecutor-2,READ,FlatFileParseException,"393,2024-13-01,800,credito","Parsing error at line: 394 in resource=[class path resource [data/transacciones.csv]], input=[393,2024-13-01,800,credito]"
taskExecutor-3,PROCESS,InvalidDataException,"Transaccion{id=719, fecha=2024-09-04, monto=1000, tipo='invalid'}","Transaccion 719 con tipo no valido: invalid"
taskExecutor-2,PROCESS,InvalidDataException,"Transaccion{id=398, fecha=2024-05-09, monto=1000, tipo='invalid'}","Transaccion 398 con tipo no valido: invalid"
taskExecutor-1,PROCESS,InvalidDataException,"Transaccion{id=72, fecha=2024-03-01, monto=-200, tipo='invalid'}","Transaccion 72 con tipo no valido: invalid"
taskExecutor-2,PROCESS,InvalidDataException,"Transaccion{id=402, fecha=2024-07-16, monto=null, tipo='credito'}","Transaccion incompleta: Transaccion{id=402, fecha=2024-07-16, monto=null, tipo='credito'}"
taskExecutor-3,PROCESS,InvalidDataException,"Transaccion{id=720, fecha=2024-11-27, monto=1500, tipo='desconocido'}","Transaccion 720 con tipo no valido: desconocido"
taskExecutor-2,PROCESS,InvalidDataException,"Transaccion{id=404, fecha=2024-10-13, monto=null, tipo='credito'}","Transaccion incompleta: Transaccion{id=404, fecha=2024-10-13, monto=null, tipo='credito'}"
taskExecutor-1,PROCESS,InvalidDataException,"Transaccion{id=74, fecha=2024-07-30, monto=1000, tipo='invalid'}","Transaccion 74 con tipo no valido: invalid"
taskExecutor-2,PROCESS,InvalidDataException,"Transaccion{id=406, fecha=2024-03-24, monto=700, tipo='desconocido'}","Transaccion 406 con tipo no valido: desconocido"
taskExecutor-3,PROCESS,InvalidDataException,"Transaccion{id=721, fecha=2024-05-25, monto=null, tipo='debito'}","Transaccion incompleta: Transaccion{id=721, fecha=2024-05-25, monto=null, tipo='debito'}"
taskExecutor-2,PROCESS,InvalidDataException,"Transaccion{id=407, fecha=2024-09-21, monto=-200, tipo='desconocido'}","Transaccion 407 con tipo no valido: desconocido"
taskExecutor-1,PROCESS,InvalidDataException,"Transaccion{id=79, fecha=2024-06-02, monto=null, tipo='invalid'}","Transaccion incompleta: Transaccion{id=79, fecha=2024-06-02, monto=null, tipo='invalid'}"
taskExecutor-2,PROCESS,InvalidDataException,"Transaccion{id=410, fecha=2024-11-23, monto=1500, tipo='invalid'}","Transaccion 410 con tipo no valido: invalid"
taskExecutor-3,PROCESS,InvalidDataException,"Transaccion{id=725, fecha=2024-02-06, monto=1000, tipo='desconocido'}","Transaccion 725 con tipo no valido: desconocido"
taskExecutor-2,PROCESS,InvalidDataException,"Transaccion{id=412, fecha=2024-12-06, monto=1000, tipo='invalid'}","Transaccion 412 con tipo no valido: invalid"
taskExecutor-1,PROCESS,InvalidDataException,"Transaccion{id=80, fecha=2024-04-16, monto=1200, tipo='invalid'}","Transaccion 80 con tipo no valido: invalid"
taskExecutor-2,PROCESS,InvalidDataException,"Transaccion{id=413, fecha=2024-10-21, monto=1500, tipo='invalid'}","Transaccion 413 con tipo no valido: invalid"
taskExecutor-3,READ,FlatFileParseException,"716,2024-13-01,-200,debito","Parsing error at line: 717 in resource=[class path resource [data/transacciones.csv]], input=[716,2024-13-01,-200,debito]"
taskExecutor-2,PROCESS,InvalidDataException,"Transaccion{id=414, fecha=2024-08-07, monto=null, tipo='debito'}","Transaccion incompleta: Transaccion{id=414, fecha=2024-08-07, monto=null, tipo='debito'}"
taskExecutor-1,PROCESS,InvalidDataException,"Transaccion{id=81, fecha=2024-06-18, monto=null, tipo='invalid'}","Transaccion incompleta: Transaccion{id=81, fecha=2024-06-18, monto=null, tipo='invalid'}"
taskExecutor-2,PROCESS,InvalidDataException,"Transaccion{id=415, fecha=2024-06-29, monto=null, tipo='credito'}","Transaccion incompleta: Transaccion{id=415, fecha=2024-06-29, monto=null, tipo='credito'}"
taskExecutor-3,READ,FlatFileParseException,"722,2024-13-01,1200,credito","Parsing error at line: 723 in resource=[class path resource [data/transacciones.csv]], input=[722,2024-13-01,1200,credito]"
taskExecutor-2,PROCESS,InvalidDataException,"Transaccion{id=416, fecha=2024-11-17, monto=null, tipo='desconocido'}","Transaccion incompleta: Transaccion{id=416, fecha=2024-11-17, monto=null, tipo='desconocido'}"
taskExecutor-1,READ,FlatFileParseException,"77,2024-13-01,3000,invalid","Parsing error at line: 78 in resource=[class path resource [data/transacciones.csv]], input=[77,2024-13-01,3000,invalid]"
taskExecutor-3,READ,FlatFileParseException,"724,2024-13-01,1200,debito","Parsing error at line: 725 in resource=[class path resource [data/transacciones.csv]], input=[724,2024-13-01,1200,debito]"
taskExecutor-1,PROCESS,InvalidDataException,"Transaccion{id=86, fecha=2024-11-04, monto=1500, tipo='invalid'}","Transaccion 86 con tipo no valido: invalid"
taskExecutor-2,PROCESS,InvalidDataException,"Transaccion{id=417, fecha=2024-06-19, monto=null, tipo='debito'}","Transaccion incompleta: Transaccion{id=417, fecha=2024-06-19, monto=null, tipo='debito'}"
taskExecutor-1,PROCESS,InvalidDataException,"Transaccion{id=87, fecha=2024-10-22, monto=1200, tipo='invalid'}","Transaccion 87 con tipo no valido: invalid"
taskExecutor-3,PROCESS,InvalidDataException,"Transaccion{id=728, fecha=2024-12-09, monto=1500, tipo='invalid'}","Transaccion 728 con tipo no valido: invalid"
taskExecutor-1,PROCESS,InvalidDataException,"Transaccion{id=90, fecha=2024-07-28, monto=700, tipo='invalid'}","Transaccion 90 con tipo no valido: invalid"
taskExecutor-2,PROCESS,InvalidDataException,"Transaccion{id=418, fecha=2024-12-28, monto=null, tipo='credito'}","Transaccion incompleta: Transaccion{id=418, fecha=2024-12-28, monto=null, tipo='credito'}"
taskExecutor-3,PROCESS,InvalidDataException,"Transaccion{id=731, fecha=2024-09-04, monto=null, tipo='credito'}","Transaccion incompleta: Transaccion{id=731, fecha=2024-09-04, monto=null, tipo='credito'}"
taskExecutor-1,PROCESS,InvalidDataException,"Transaccion{id=98, fecha=2024-07-05, monto=1200, tipo='invalid'}","Transaccion 98 con tipo no valido: invalid"
taskExecutor-2,PROCESS,InvalidDataException,"Transaccion{id=422, fecha=2024-09-09, monto=-200, tipo='credito'}","Transaccion duplicada omitida: Transaccion{id=422, fecha=2024-09-09, monto=-200, tipo='credito'}"
taskExecutor-1,PROCESS,InvalidDataException,"Transaccion{id=100, fecha=2024-06-15, monto=null, tipo='debito'}","Transaccion incompleta: Transaccion{id=100, fecha=2024-06-15, monto=null, tipo='debito'}"
taskExecutor-3,PROCESS,InvalidDataException,"Transaccion{id=733, fecha=2024-03-18, monto=1000, tipo='desconocido'}","Transaccion 733 con tipo no valido: desconocido"
taskExecutor-1,PROCESS,InvalidDataException,"Transaccion{id=105, fecha=2024-12-13, monto=3000, tipo='invalid'}","Transaccion 105 con tipo no valido: invalid"
taskExecutor-2,PROCESS,InvalidDataException,"Transaccion{id=423, fecha=2024-08-28, monto=800, tipo='invalid'}","Transaccion 423 con tipo no valido: invalid"
taskExecutor-1,PROCESS,InvalidDataException,"Transaccion{id=107, fecha=2024-01-16, monto=700, tipo='invalid'}","Transaccion 107 con tipo no valido: invalid"
taskExecutor-3,PROCESS,InvalidDataException,"Transaccion{id=736, fecha=2024-05-11, monto=1500, tipo='desconocido'}","Transaccion 736 con tipo no valido: desconocido"
taskExecutor-1,PROCESS,InvalidDataException,"Transaccion{id=108, fecha=2024-02-28, monto=-200, tipo='invalid'}","Transaccion 108 con tipo no valido: invalid"
taskExecutor-2,PROCESS,InvalidDataException,"Transaccion{id=425, fecha=2024-01-09, monto=1200, tipo='invalid'}","Transaccion 425 con tipo no valido: invalid"
taskExecutor-1,PROCESS,InvalidDataException,"Transaccion{id=109, fecha=2024-09-15, monto=1200, tipo='invalid'}","Transaccion 109 con tipo no valido: invalid"
taskExecutor-3,PROCESS,InvalidDataException,"Transaccion{id=737, fecha=2024-03-17, monto=800, tipo='invalid'}","Transaccion 737 con tipo no valido: invalid"
taskExecutor-2,PROCESS,InvalidDataException,"Transaccion{id=427, fecha=2024-12-27, monto=null, tipo='invalid'}","Transaccion incompleta: Transaccion{id=427, fecha=2024-12-27, monto=null, tipo='invalid'}"
taskExecutor-1,PROCESS,InvalidDataException,"Transaccion{id=114, fecha=2024-02-01, monto=700, tipo='invalid'}","Transaccion 114 con tipo no valido: invalid"
taskExecutor-2,PROCESS,InvalidDataException,"Transaccion{id=429, fecha=2024-09-27, monto=null, tipo='invalid'}","Transaccion incompleta: Transaccion{id=429, fecha=2024-09-27, monto=null, tipo='invalid'}"
taskExecutor-3,PROCESS,InvalidDataException,"Transaccion{id=738, fecha=2024-06-30, monto=3000, tipo='invalid'}","Transaccion 738 con tipo no valido: invalid"
taskExecutor-1,PROCESS,InvalidDataException,"Transaccion{id=116, fecha=2024-10-03, monto=1500, tipo='invalid'}","Transaccion 116 con tipo no valido: invalid"
taskExecutor-2,PROCESS,InvalidDataException,"Transaccion{id=430, fecha=2024-05-07, monto=1000, tipo='invalid'}","Transaccion 430 con tipo no valido: invalid"
taskExecutor-1,PROCESS,InvalidDataException,"Transaccion{id=118, fecha=2024-08-27, monto=null, tipo='invalid'}","Transaccion incompleta: Transaccion{id=118, fecha=2024-08-27, monto=null, tipo='invalid'}"
taskExecutor-3,PROCESS,InvalidDataException,"Transaccion{id=739, fecha=2024-03-20, monto=3000, tipo='invalid'}","Transaccion 739 con tipo no valido: invalid"
taskExecutor-1,PROCESS,InvalidDataException,"Transaccion{id=119, fecha=2024-12-06, monto=null, tipo='debito'}","Transaccion incompleta: Transaccion{id=119, fecha=2024-12-06, monto=null, tipo='debito'}"
taskExecutor-2,PROCESS,InvalidDataException,"Transaccion{id=431, fecha=2024-05-04, monto=-200, tipo='desconocido'}","Transaccion 431 con tipo no valido: desconocido"
taskExecutor-1,PROCESS,InvalidDataException,"Transaccion{id=122, fecha=2024-08-26, monto=800, tipo='invalid'}","Transaccion 122 con tipo no valido: invalid"
taskExecutor-3,PROCESS,InvalidDataException,"Transaccion{id=742, fecha=2024-05-14, monto=3000, tipo='invalid'}","Transaccion 742 con tipo no valido: invalid"
taskExecutor-1,PROCESS,InvalidDataException,"Transaccion{id=124, fecha=2024-08-22, monto=null, tipo='invalid'}","Transaccion incompleta: Transaccion{id=124, fecha=2024-08-22, monto=null, tipo='invalid'}"
taskExecutor-2,PROCESS,InvalidDataException,"Transaccion{id=433, fecha=2024-11-18, monto=1500, tipo='invalid'}","Transaccion 433 con tipo no valido: invalid"
taskExecutor-3,PROCESS,InvalidDataException,"Transaccion{id=745, fecha=2024-12-23, monto=null, tipo='invalid'}","Transaccion incompleta: Transaccion{id=745, fecha=2024-12-23, monto=null, tipo='invalid'}"
taskExecutor-1,PROCESS,InvalidDataException,"Transaccion{id=127, fecha=2024-04-09, monto=700, tipo='invalid'}","Transaccion 127 con tipo no valido: invalid"
taskExecutor-2,PROCESS,InvalidDataException,"Transaccion{id=434, fecha=2024-05-03, monto=1500, tipo='desconocido'}","Transaccion 434 con tipo no valido: desconocido"
taskExecutor-1,PROCESS,InvalidDataException,"Transaccion{id=128, fecha=2024-07-26, monto=1500, tipo='invalid'}","Transaccion 128 con tipo no valido: invalid"
taskExecutor-3,PROCESS,InvalidDataException,"Transaccion{id=746, fecha=2024-06-08, monto=1500, tipo='invalid'}","Transaccion 746 con tipo no valido: invalid"
taskExecutor-1,PROCESS,InvalidDataException,"Transaccion{id=129, fecha=2024-11-14, monto=700, tipo='invalid'}","Transaccion 129 con tipo no valido: invalid"
taskExecutor-2,PROCESS,InvalidDataException,"Transaccion{id=435, fecha=2024-11-20, monto=null, tipo='credito'}","Transaccion incompleta: Transaccion{id=435, fecha=2024-11-20, monto=null, tipo='credito'}"
taskExecutor-1,PROCESS,InvalidDataException,"Transaccion{id=132, fecha=2024-12-10, monto=0, tipo='invalid'}","Transaccion 132 con tipo no valido: invalid"
taskExecutor-3,READ,FlatFileParseException,"741,2024-13-01,1200,credito","Parsing error at line: 742 in resource=[class path resource [data/transacciones.csv]], input=[741,2024-13-01,1200,credito]"
taskExecutor-2,PROCESS,InvalidDataException,"Transaccion{id=437, fecha=2024-02-28, monto=null, tipo='credito'}","Transaccion incompleta: Transaccion{id=437, fecha=2024-02-28, monto=null, tipo='credito'}"
taskExecutor-1,PROCESS,InvalidDataException,"Transaccion{id=133, fecha=2024-07-21, monto=500, tipo='invalid'}","Transaccion 133 con tipo no valido: invalid"
taskExecutor-3,PROCESS,InvalidDataException,"Transaccion{id=749, fecha=2024-06-20, monto=1200, tipo='invalid'}","Transaccion 749 con tipo no valido: invalid"
taskExecutor-2,PROCESS,InvalidDataException,"Transaccion{id=438, fecha=2024-10-18, monto=1500, tipo='invalid'}","Transaccion 438 con tipo no valido: invalid"
taskExecutor-3,PROCESS,InvalidDataException,"Transaccion{id=751, fecha=2024-11-13, monto=3000, tipo='invalid'}","Transaccion 751 con tipo no valido: invalid"
taskExecutor-1,PROCESS,InvalidDataException,"Transaccion{id=135, fecha=2024-03-02, monto=null, tipo='debito'}","Transaccion incompleta: Transaccion{id=135, fecha=2024-03-02, monto=null, tipo='debito'}"
taskExecutor-3,PROCESS,InvalidDataException,"Transaccion{id=752, fecha=2024-05-02, monto=null, tipo='invalid'}","Transaccion incompleta: Transaccion{id=752, fecha=2024-05-02, monto=null, tipo='invalid'}"
taskExecutor-2,PROCESS,InvalidDataException,"Transaccion{id=440, fecha=2024-07-28, monto=null, tipo='invalid'}","Transaccion incompleta: Transaccion{id=440, fecha=2024-07-28, monto=null, tipo='invalid'}"
taskExecutor-1,PROCESS,InvalidDataException,"Transaccion{id=136, fecha=2024-10-27, monto=0, tipo='invalid'}","Transaccion 136 con tipo no valido: invalid"
taskExecutor-3,READ,FlatFileParseException,"755,2024-13-01,1200,invalid","Parsing error at line: 756 in resource=[class path resource [data/transacciones.csv]], input=[755,2024-13-01,1200,invalid]"
taskExecutor-1,PROCESS,InvalidDataException,"Transaccion{id=137, fecha=2024-06-17, monto=1200, tipo='desconocido'}","Transaccion 137 con tipo no valido: desconocido"
taskExecutor-3,PROCESS,InvalidDataException,"Transaccion{id=758, fecha=2024-06-14, monto=1200, tipo='invalid'}","Transaccion 758 con tipo no valido: invalid"
taskExecutor-2,PROCESS,InvalidDataException,"Transaccion{id=443, fecha=2024-05-11, monto=null, tipo='credito'}","Transaccion incompleta: Transaccion{id=443, fecha=2024-05-11, monto=null, tipo='credito'}"
taskExecutor-3,PROCESS,InvalidDataException,"Transaccion{id=763, fecha=2024-07-23, monto=3000, tipo='invalid'}","Transaccion 763 con tipo no valido: invalid"
taskExecutor-1,PROCESS,InvalidDataException,"Transaccion{id=146, fecha=2024-07-01, monto=null, tipo='debito'}","Transaccion incompleta: Transaccion{id=146, fecha=2024-07-01, monto=null, tipo='debito'}"
taskExecutor-3,PROCESS,InvalidDataException,"Transaccion{id=765, fecha=2024-06-26, monto=null, tipo='credito'}","Transaccion incompleta: Transaccion{id=765, fecha=2024-06-26, monto=null, tipo='credito'}"
taskExecutor-2,PROCESS,InvalidDataException,"Transaccion{id=444, fecha=2024-04-19, monto=1200, tipo='desconocido'}","Transaccion 444 con tipo no valido: desconocido"
taskExecutor-1,READ,FlatFileParseException,"138,2024-13-01,1000,invalid","Parsing error at line: 139 in resource=[class path resource [data/transacciones.csv]], input=[138,2024-13-01,1000,invalid]"
taskExecutor-3,PROCESS,InvalidDataException,"Transaccion{id=768, fecha=2024-12-25, monto=700, tipo='invalid'}","Transaccion 768 con tipo no valido: invalid"
taskExecutor-2,PROCESS,InvalidDataException,"Transaccion{id=446, fecha=2024-07-11, monto=700, tipo='invalid'}","Transaccion 446 con tipo no valido: invalid"
taskExecutor-1,PROCESS,InvalidDataException,"Transaccion{id=148, fecha=2024-03-30, monto=1000, tipo='invalid'}","Transaccion 148 con tipo no valido: invalid"
taskExecutor-3,PROCESS,InvalidDataException,"Transaccion{id=769, fecha=2024-11-25, monto=-200, tipo='invalid'}","Transaccion 769 con tipo no valido: invalid"
taskExecutor-1,PROCESS,InvalidDataException,"Transaccion{id=149, fecha=2024-11-02, monto=3000, tipo='desconocido'}","Transaccion 149 con tipo no valido: desconocido"
taskExecutor-2,READ,FlatFileParseException,"445,2024-13-01,1200,debito","Parsing error at line: 446 in resource=[class path resource [data/transacciones.csv]], input=[445,2024-13-01,1200,debito]"
taskExecutor-1,PROCESS,InvalidDataException,"Transaccion{id=152, fecha=2024-10-25, monto=1500, tipo='invalid'}","Transaccion 152 con tipo no valido: invalid"
taskExecutor-3,PROCESS,InvalidDataException,"Transaccion{id=771, fecha=2024-12-24, monto=null, tipo='debito'}","Transaccion incompleta: Transaccion{id=771, fecha=2024-12-24, monto=null, tipo='debito'}"
taskExecutor-2,PROCESS,InvalidDataException,"Transaccion{id=448, fecha=2024-06-08, monto=null, tipo='debito'}","Transaccion incompleta: Transaccion{id=448, fecha=2024-06-08, monto=null, tipo='debito'}"
taskExecutor-1,PROCESS,InvalidDataException,"Transaccion{id=155, fecha=2024-12-22, monto=-200, tipo='desconocido'}","Transaccion 155 con tipo no valido: desconocido"
taskExecutor-2,PROCESS,InvalidDataException,"Transaccion{id=451, fecha=2024-07-02, monto=700, tipo='invalid'}","Transaccion 451 con tipo no valido: invalid"
taskExecutor-3,PROCESS,InvalidDataException,"Transaccion{id=772, fecha=2024-09-05, monto=1500, tipo='invalid'}","Transaccion 772 con tipo no valido: invalid"
taskExecutor-2,PROCESS,InvalidDataException,"Transaccion{id=455, fecha=2024-02-29, monto=800, tipo='invalid'}","Transaccion 455 con tipo no valido: invalid"
taskExecutor-1,READ,FlatFileParseException,"150,2024-13-01,1500,debito","Parsing error at line: 151 in resource=[class path resource [data/transacciones.csv]], input=[150,2024-13-01,1500,debito]"
taskExecutor-2,PROCESS,InvalidDataException,"Transaccion{id=456, fecha=2024-10-18, monto=1200, tipo='invalid'}","Transaccion 456 con tipo no valido: invalid"
taskExecutor-2,READ,FlatFileParseException,"453,2024-13-01,800,invalid","Parsing error at line: 454 in resource=[class path resource [data/transacciones.csv]], input=[453,2024-13-01,800,invalid]"
taskExecutor-3,PROCESS,InvalidDataException,"Transaccion{id=773, fecha=2024-03-19, monto=null, tipo='debito'}","Transaccion incompleta: Transaccion{id=773, fecha=2024-03-19, monto=null, tipo='debito'}"
taskExecutor-1,PROCESS,InvalidDataException,"Transaccion{id=160, fecha=2024-08-03, monto=1500, tipo='invalid'}","Transaccion 160 con tipo no valido: invalid"
taskExecutor-2,PROCESS,InvalidDataException,"Transaccion{id=460, fecha=2024-08-21, monto=0, tipo='invalid'}","Transaccion 460 con tipo no valido: invalid"
taskExecutor-3,PROCESS,InvalidDataException,"Transaccion{id=775, fecha=2024-04-06, monto=-200, tipo='invalid'}","Transaccion 775 con tipo no valido: invalid"
taskExecutor-2,PROCESS,InvalidDataException,"Transaccion{id=466, fecha=2024-11-30, monto=null, tipo='credito'}","Transaccion incompleta: Transaccion{id=466, fecha=2024-11-30, monto=null, tipo='credito'}"
taskExecutor-3,PROCESS,InvalidDataException,"Transaccion{id=780, fecha=2024-02-16, monto=1200, tipo='desconocido'}","Transaccion 780 con tipo no valido: desconocido"
taskExecutor-1,PROCESS,InvalidDataException,"Transaccion{id=163, fecha=2024-11-30, monto=3000, tipo='desconocido'}","Transaccion 163 con tipo no valido: desconocido"
taskExecutor-3,PROCESS,InvalidDataException,"Transaccion{id=781, fecha=2024-01-12, monto=700, tipo='invalid'}","Transaccion 781 con tipo no valido: invalid"
taskExecutor-2,PROCESS,InvalidDataException,"Transaccion{id=469, fecha=2024-12-03, monto=1000, tipo='invalid'}","Transaccion 469 con tipo no valido: invalid"
taskExecutor-3,PROCESS,InvalidDataException,"Transaccion{id=782, fecha=2024-11-18, monto=null, tipo='credito'}","Transaccion incompleta: Transaccion{id=782, fecha=2024-11-18, monto=null, tipo='credito'}"
taskExecutor-1,PROCESS,InvalidDataException,"Transaccion{id=164, fecha=2024-03-04, monto=3000, tipo='invalid'}","Transaccion 164 con tipo no valido: invalid"
taskExecutor-3,PROCESS,InvalidDataException,"Transaccion{id=784, fecha=2024-08-09, monto=null, tipo='credito'}","Transaccion incompleta: Transaccion{id=784, fecha=2024-08-09, monto=null, tipo='credito'}"
taskExecutor-2,PROCESS,InvalidDataException,"Transaccion{id=470, fecha=2024-09-19, monto=null, tipo='debito'}","Transaccion incompleta: Transaccion{id=470, fecha=2024-09-19, monto=null, tipo='debito'}"
taskExecutor-3,PROCESS,InvalidDataException,"Transaccion{id=785, fecha=2024-05-07, monto=null, tipo='debito'}","Transaccion incompleta: Transaccion{id=785, fecha=2024-05-07, monto=null, tipo='debito'}"
taskExecutor-1,PROCESS,InvalidDataException,"Transaccion{id=165, fecha=2024-08-30, monto=1000, tipo='invalid'}","Transaccion 165 con tipo no valido: invalid"
taskExecutor-3,PROCESS,InvalidDataException,"Transaccion{id=786, fecha=2024-08-25, monto=null, tipo='invalid'}","Transaccion incompleta: Transaccion{id=786, fecha=2024-08-25, monto=null, tipo='invalid'}"
taskExecutor-2,READ,FlatFileParseException,"461,2024-13-01,700,invalid","Parsing error at line: 462 in resource=[class path resource [data/transacciones.csv]], input=[461,2024-13-01,700,invalid]"
taskExecutor-1,PROCESS,InvalidDataException,"Transaccion{id=166, fecha=2024-04-06, monto=800, tipo='credito'}","Transaccion duplicada omitida: Transaccion{id=166, fecha=2024-04-06, monto=800, tipo='credito'}"
taskExecutor-3,PROCESS,InvalidDataException,"Transaccion{id=788, fecha=2024-10-31, monto=null, tipo='debito'}","Transaccion incompleta: Transaccion{id=788, fecha=2024-10-31, monto=null, tipo='debito'}"
taskExecutor-2,READ,FlatFileParseException,"462,2024-13-01,1500,invalid","Parsing error at line: 463 in resource=[class path resource [data/transacciones.csv]], input=[462,2024-13-01,1500,invalid]"
taskExecutor-3,PROCESS,InvalidDataException,"Transaccion{id=790, fecha=2024-11-11, monto=1000, tipo='credito'}","Transaccion duplicada omitida: Transaccion{id=790, fecha=2024-11-11, monto=1000, tipo='credito'}"
taskExecutor-1,PROCESS,InvalidDataException,"Transaccion{id=167, fecha=2024-02-23, monto=null, tipo='credito'}","Transaccion incompleta: Transaccion{id=167, fecha=2024-02-23, monto=null, tipo='credito'}"
taskExecutor-2,PROCESS,InvalidDataException,"Transaccion{id=471, fecha=2024-12-04, monto=1000, tipo='desconocido'}","Transaccion 471 con tipo no valido: desconocido"
taskExecutor-2,PROCESS,InvalidDataException,"Transaccion{id=473, fecha=2024-08-15, monto=700, tipo='invalid'}","Transaccion 473 con tipo no valido: invalid"
taskExecutor-3,PROCESS,InvalidDataException,"Transaccion{id=792, fecha=2024-07-08, monto=-200, tipo='invalid'}","Transaccion 792 con tipo no valido: invalid"
taskExecutor-3,PROCESS,InvalidDataException,"Transaccion{id=793, fecha=2024-12-04, monto=1200, tipo='desconocido'}","Transaccion 793 con tipo no valido: desconocido"
taskExecutor-2,PROCESS,InvalidDataException,"Transaccion{id=475, fecha=2024-12-28, monto=0, tipo='invalid'}","Transaccion 475 con tipo no valido: invalid"
taskExecutor-1,PROCESS,InvalidDataException,"Transaccion{id=169, fecha=2024-03-05, monto=800, tipo='invalid'}","Transaccion 169 con tipo no valido: invalid"
taskExecutor-2,PROCESS,InvalidDataException,"Transaccion{id=476, fecha=2024-07-06, monto=null, tipo='invalid'}","Transaccion incompleta: Transaccion{id=476, fecha=2024-07-06, monto=null, tipo='invalid'}"
taskExecutor-3,PROCESS,InvalidDataException,"Transaccion{id=794, fecha=2024-12-30, monto=null, tipo='credito'}","Transaccion incompleta: Transaccion{id=794, fecha=2024-12-30, monto=null, tipo='credito'}"
taskExecutor-2,PROCESS,InvalidDataException,"Transaccion{id=479, fecha=2024-12-07, monto=null, tipo='invalid'}","Transaccion incompleta: Transaccion{id=479, fecha=2024-12-07, monto=null, tipo='invalid'}"
taskExecutor-1,PROCESS,InvalidDataException,"Transaccion{id=170, fecha=2024-09-07, monto=1200, tipo='invalid'}","Transaccion 170 con tipo no valido: invalid"
taskExecutor-2,PROCESS,InvalidDataException,"Transaccion{id=482, fecha=2024-02-04, monto=800, tipo='invalid'}","Transaccion 482 con tipo no valido: invalid"
taskExecutor-3,PROCESS,InvalidDataException,"Transaccion{id=796, fecha=2024-01-16, monto=-200, tipo='invalid'}","Transaccion 796 con tipo no valido: invalid"
taskExecutor-2,READ,FlatFileParseException,"472,2024-13-01,,invalid","Parsing error at line: 473 in resource=[class path resource [data/transacciones.csv]], input=[472,2024-13-01,,invalid]"
taskExecutor-2,READ,FlatFileParseException,"474,2024-13-01,1200,invalid","Parsing error at line: 475 in resource=[class path resource [data/transacciones.csv]], input=[474,2024-13-01,1200,invalid]"
taskExecutor-1,PROCESS,InvalidDataException,"Transaccion{id=171, fecha=2024-05-14, monto=null, tipo='debito'}","Transaccion incompleta: Transaccion{id=171, fecha=2024-05-14, monto=null, tipo='debito'}"
taskExecutor-3,PROCESS,InvalidDataException,"Transaccion{id=800, fecha=2024-01-27, monto=-100, tipo='invalid'}","Transaccion 800 con tipo no valido: invalid"
taskExecutor-2,PROCESS,InvalidDataException,"Transaccion{id=485, fecha=2024-11-17, monto=1000, tipo='desconocido'}","Transaccion 485 con tipo no valido: desconocido"
taskExecutor-1,PROCESS,InvalidDataException,"Transaccion{id=174, fecha=2024-10-26, monto=null, tipo='invalid'}","Transaccion incompleta: Transaccion{id=174, fecha=2024-10-26, monto=null, tipo='invalid'}"
taskExecutor-2,PROCESS,InvalidDataException,"Transaccion{id=486, fecha=2024-09-17, monto=800, tipo='invalid'}","Transaccion 486 con tipo no valido: invalid"
taskExecutor-3,PROCESS,InvalidDataException,"Transaccion{id=801, fecha=2024-01-14, monto=null, tipo='invalid'}","Transaccion incompleta: Transaccion{id=801, fecha=2024-01-14, monto=null, tipo='invalid'}"
taskExecutor-2,PROCESS,InvalidDataException,"Transaccion{id=488, fecha=2024-12-11, monto=null, tipo='debito'}","Transaccion incompleta: Transaccion{id=488, fecha=2024-12-11, monto=null, tipo='debito'}"
taskExecutor-1,PROCESS,InvalidDataException,"Transaccion{id=175, fecha=2024-09-24, monto=1500, tipo='invalid'}","Transaccion 175 con tipo no valido: invalid"
taskExecutor-2,PROCESS,InvalidDataException,"Transaccion{id=490, fecha=2024-07-26, monto=700, tipo='invalid'}","Transaccion 490 con tipo no valido: invalid"
taskExecutor-3,PROCESS,InvalidDataException,"Transaccion{id=803, fecha=2024-02-12, monto=1200, tipo='desconocido'}","Transaccion 803 con tipo no valido: desconocido"
taskExecutor-2,PROCESS,InvalidDataException,"Transaccion{id=491, fecha=2024-03-31, monto=null, tipo='credito'}","Transaccion incompleta: Transaccion{id=491, fecha=2024-03-31, monto=null, tipo='credito'}"
taskExecutor-1,PROCESS,InvalidDataException,"Transaccion{id=176, fecha=2024-06-07, monto=1000, tipo='invalid'}","Transaccion 176 con tipo no valido: invalid"
taskExecutor-2,PROCESS,InvalidDataException,"Transaccion{id=492, fecha=2024-11-07, monto=-200, tipo='invalid'}","Transaccion 492 con tipo no valido: invalid"
taskExecutor-3,PROCESS,InvalidDataException,"Transaccion{id=804, fecha=2024-07-11, monto=-200, tipo='invalid'}","Transaccion 804 con tipo no valido: invalid"
taskExecutor-1,PROCESS,InvalidDataException,"Transaccion{id=180, fecha=2024-05-28, monto=1000, tipo='desconocido'}","Transaccion 180 con tipo no valido: desconocido"
taskExecutor-2,PROCESS,InvalidDataException,"Transaccion{id=493, fecha=2024-08-29, monto=0, tipo='invalid'}","Transaccion 493 con tipo no valido: invalid"
taskExecutor-3,PROCESS,InvalidDataException,"Transaccion{id=805, fecha=2024-10-17, monto=null, tipo='debito'}","Transaccion incompleta: Transaccion{id=805, fecha=2024-10-17, monto=null, tipo='debito'}"
taskExecutor-2,PROCESS,InvalidDataException,"Transaccion{id=496, fecha=2024-09-14, monto=null, tipo='invalid'}","Transaccion incompleta: Transaccion{id=496, fecha=2024-09-14, monto=null, tipo='invalid'}"
taskExecutor-1,PROCESS,InvalidDataException,"Transaccion{id=181, fecha=2024-09-08, monto=800, tipo='invalid'}","Transaccion 181 con tipo no valido: invalid"
taskExecutor-2,PROCESS,InvalidDataException,"Transaccion{id=497, fecha=2024-04-20, monto=-200, tipo='desconocido'}","Transaccion 497 con tipo no valido: desconocido"
taskExecutor-3,PROCESS,InvalidDataException,"Transaccion{id=806, fecha=2024-01-14, monto=-200, tipo='invalid'}","Transaccion 806 con tipo no valido: invalid"
taskExecutor-2,PROCESS,InvalidDataException,"Transaccion{id=500, fecha=2024-04-24, monto=null, tipo='invalid'}","Transaccion incompleta: Transaccion{id=500, fecha=2024-04-24, monto=null, tipo='invalid'}"
taskExecutor-1,PROCESS,InvalidDataException,"Transaccion{id=186, fecha=2024-01-04, monto=3000, tipo='invalid'}","Transaccion 186 con tipo no valido: invalid"
taskExecutor-2,PROCESS,InvalidDataException,"Transaccion{id=501, fecha=2024-03-24, monto=null, tipo='credito'}","Transaccion incompleta: Transaccion{id=501, fecha=2024-03-24, monto=null, tipo='credito'}"
taskExecutor-3,READ,FlatFileParseException,"799,2024-13-01,3000,debito","Parsing error at line: 800 in resource=[class path resource [data/transacciones.csv]], input=[799,2024-13-01,3000,debito]"
taskExecutor-2,PROCESS,InvalidDataException,"Transaccion{id=503, fecha=2024-02-14, monto=1500, tipo='invalid'}","Transaccion 503 con tipo no valido: invalid"
taskExecutor-1,READ,FlatFileParseException,"185,2024-13-01,1000,debito","Parsing error at line: 186 in resource=[class path resource [data/transacciones.csv]], input=[185,2024-13-01,1000,debito]"
taskExecutor-3,PROCESS,InvalidDataException,"Transaccion{id=809, fecha=2024-01-18, monto=-200, tipo='invalid'}","Transaccion 809 con tipo no valido: invalid"
taskExecutor-2,READ,FlatFileParseException,"498,2024-13-01,1500,invalid","Parsing error at line: 499 in resource=[class path resource [data/transacciones.csv]], input=[498,2024-13-01,1500,invalid]"
taskExecutor-3,PROCESS,InvalidDataException,"Transaccion{id=810, fecha=2024-10-13, monto=null, tipo='credito'}","Transaccion incompleta: Transaccion{id=810, fecha=2024-10-13, monto=null, tipo='credito'}"
taskExecutor-1,PROCESS,InvalidDataException,"Transaccion{id=189, fecha=2024-01-17, monto=800, tipo='invalid'}","Transaccion 189 con tipo no valido: invalid"
taskExecutor-2,PROCESS,InvalidDataException,"Transaccion{id=506, fecha=2024-06-10, monto=-200, tipo='invalid'}","Transaccion 506 con tipo no valido: invalid"
taskExecutor-3,PROCESS,InvalidDataException,"Transaccion{id=811, fecha=2024-07-24, monto=1200, tipo='debito'}","Transaccion duplicada omitida: Transaccion{id=811, fecha=2024-07-24, monto=1200, tipo='debito'}"
taskExecutor-2,PROCESS,InvalidDataException,"Transaccion{id=507, fecha=2024-04-05, monto=0, tipo='invalid'}","Transaccion 507 con tipo no valido: invalid"
taskExecutor-1,PROCESS,InvalidDataException,"Transaccion{id=191, fecha=2024-07-26, monto=null, tipo='invalid'}","Transaccion incompleta: Transaccion{id=191, fecha=2024-07-26, monto=null, tipo='invalid'}"
taskExecutor-2,PROCESS,InvalidDataException,"Transaccion{id=511, fecha=2024-02-22, monto=-200, tipo='invalid'}","Transaccion 511 con tipo no valido: invalid"
taskExecutor-3,PROCESS,InvalidDataException,"Transaccion{id=812, fecha=2024-05-20, monto=null, tipo='invalid'}","Transaccion incompleta: Transaccion{id=812, fecha=2024-05-20, monto=null, tipo='invalid'}"
taskExecutor-2,PROCESS,InvalidDataException,"Transaccion{id=512, fecha=2024-08-14, monto=700, tipo='credito'}","Transaccion duplicada omitida: Transaccion{id=512, fecha=2024-08-14, monto=700, tipo='credito'}"
taskExecutor-1,PROCESS,InvalidDataException,"Transaccion{id=193, fecha=2024-01-16, monto=1500, tipo='invalid'}","Transaccion 193 con tipo no valido: invalid"
taskExecutor-2,PROCESS,InvalidDataException,"Transaccion{id=513, fecha=2024-01-10, monto=3000, tipo='desconocido'}","Transaccion 513 con tipo no valido: desconocido"
taskExecutor-3,PROCESS,InvalidDataException,"Transaccion{id=813, fecha=2024-03-17, monto=1200, tipo='invalid'}","Transaccion 813 con tipo no valido: invalid"
taskExecutor-3,PROCESS,InvalidDataException,"Transaccion{id=815, fecha=2024-11-19, monto=null, tipo='debito'}","Transaccion incompleta: Transaccion{id=815, fecha=2024-11-19, monto=null, tipo='debito'}"
taskExecutor-1,PROCESS,InvalidDataException,"Transaccion{id=199, fecha=2024-06-01, monto=700, tipo='invalid'}","Transaccion 199 con tipo no valido: invalid"
taskExecutor-3,PROCESS,InvalidDataException,"Transaccion{id=816, fecha=2024-01-28, monto=null, tipo='invalid'}","Transaccion incompleta: Transaccion{id=816, fecha=2024-01-28, monto=null, tipo='invalid'}"
taskExecutor-2,PROCESS,InvalidDataException,"Transaccion{id=514, fecha=2024-10-20, monto=-200, tipo='invalid'}","Transaccion 514 con tipo no valido: invalid"
taskExecutor-3,PROCESS,InvalidDataException,"Transaccion{id=817, fecha=2024-07-10, monto=3000, tipo='invalid'}","Transaccion 817 con tipo no valido: invalid"
taskExecutor-1,PROCESS,InvalidDataException,"Transaccion{id=200, fecha=2024-10-13, monto=null, tipo='invalid'}","Transaccion incompleta: Transaccion{id=200, fecha=2024-10-13, monto=null, tipo='invalid'}"
taskExecutor-2,PROCESS,InvalidDataException,"Transaccion{id=516, fecha=2024-08-21, monto=-200, tipo='desconocido'}","Transaccion 516 con tipo no valido: desconocido"
taskExecutor-3,PROCESS,InvalidDataException,"Transaccion{id=819, fecha=2024-06-13, monto=700, tipo='invalid'}","Transaccion 819 con tipo no valido: invalid"
taskExecutor-1,PROCESS,InvalidDataException,"Transaccion{id=202, fecha=2024-01-09, monto=null, tipo='debito'}","Transaccion incompleta: Transaccion{id=202, fecha=2024-01-09, monto=null, tipo='debito'}"
taskExecutor-3,PROCESS,InvalidDataException,"Transaccion{id=821, fecha=2024-04-07, monto=null, tipo='debito'}","Transaccion incompleta: Transaccion{id=821, fecha=2024-04-07, monto=null, tipo='debito'}"
taskExecutor-2,PROCESS,InvalidDataException,"Transaccion{id=517, fecha=2024-04-17, monto=null, tipo='debito'}","Transaccion incompleta: Transaccion{id=517, fecha=2024-04-17, monto=null, tipo='debito'}"
taskExecutor-3,PROCESS,InvalidDataException,"Transaccion{id=825, fecha=2024-05-14, monto=700, tipo='invalid'}","Transaccion 825 con tipo no valido: invalid"
taskExecutor-1,PROCESS,InvalidDataException,"Transaccion{id=205, fecha=2024-08-07, monto=1000, tipo='invalid'}","Transaccion 205 con tipo no valido: invalid"
taskExecutor-3,PROCESS,InvalidDataException,"Transaccion{id=828, fecha=2024-05-23, monto=1500, tipo='invalid'}","Transaccion 828 con tipo no valido: invalid"
taskExecutor-2,PROCESS,InvalidDataException,"Transaccion{id=518, fecha=2024-03-02, monto=null, tipo='invalid'}","Transaccion incompleta: Transaccion{id=518, fecha=2024-03-02, monto=null, tipo='invalid'}"
taskExecutor-1,PROCESS,InvalidDataException,"Transaccion{id=208, fecha=2024-01-29, monto=null, tipo='invalid'}","Transaccion incompleta: Transaccion{id=208, fecha=2024-01-29, monto=null, tipo='invalid'}"
taskExecutor-3,PROCESS,InvalidDataException,"Transaccion{id=837, fecha=2024-07-10, monto=1200, tipo='invalid'}","Transaccion 837 con tipo no valido: invalid"
taskExecutor-2,PROCESS,InvalidDataException,"Transaccion{id=519, fecha=2024-08-24, monto=-200, tipo='invalid'}","Transaccion 519 con tipo no valido: invalid"
taskExecutor-3,PROCESS,InvalidDataException,"Transaccion{id=841, fecha=2024-08-15, monto=0, tipo='invalid'}","Transaccion 841 con tipo no valido: invalid"
taskExecutor-1,READ,FlatFileParseException,"203,2024-13-01,1200,debito","Parsing error at line: 204 in resource=[class path resource [data/transacciones.csv]], input=[203,2024-13-01,1200,debito]"
taskExecutor-3,READ,FlatFileParseException,"829,2024-13-01,3000,debito","Parsing error at line: 830 in resource=[class path resource [data/transacciones.csv]], input=[829,2024-13-01,3000,debito]"
taskExecutor-2,PROCESS,InvalidDataException,"Transaccion{id=522, fecha=2024-06-12, monto=1500, tipo='invalid'}","Transaccion 522 con tipo no valido: invalid"
taskExecutor-3,READ,FlatFileParseException,"835,2024-13-01,1500,credito","Parsing error at line: 836 in resource=[class path resource [data/transacciones.csv]], input=[835,2024-13-01,1500,credito]"
taskExecutor-1,READ,FlatFileParseException,"209,2024-13-01,1200,debito","Parsing error at line: 210 in resource=[class path resource [data/transacciones.csv]], input=[209,2024-13-01,1200,debito]"
taskExecutor-3,READ,FlatFileParseException,"838,2024-13-01,,credito","Parsing error at line: 839 in resource=[class path resource [data/transacciones.csv]], input=[838,2024-13-01,,credito]"
taskExecutor-2,PROCESS,InvalidDataException,"Transaccion{id=523, fecha=2024-02-03, monto=1000, tipo='invalid'}","Transaccion 523 con tipo no valido: invalid"
taskExecutor-1,PROCESS,InvalidDataException,"Transaccion{id=211, fecha=2024-04-18, monto=800, tipo='invalid'}","Transaccion 211 con tipo no valido: invalid"
taskExecutor-3,PROCESS,InvalidDataException,"Transaccion{id=845, fecha=2024-08-31, monto=1500, tipo='invalid'}","Transaccion 845 con tipo no valido: invalid"
taskExecutor-2,PROCESS,InvalidDataException,"Transaccion{id=524, fecha=2024-11-12, monto=1200, tipo='invalid'}","Transaccion 524 con tipo no valido: invalid"
taskExecutor-1,PROCESS,InvalidDataException,"Transaccion{id=213, fecha=2024-07-30, monto=3000, tipo='debito'}","Transaccion duplicada omitida: Transaccion{id=213, fecha=2024-07-30, monto=3000, tipo='debito'}"
taskExecutor-2,PROCESS,InvalidDataException,"Transaccion{id=526, fecha=2024-03-26, monto=700, tipo='invalid'}","Transaccion 526 con tipo no valido: invalid"
taskExecutor-3,PROCESS,InvalidDataException,"Transaccion{id=846, fecha=2024-08-30, monto=null, tipo='credito'}","Transaccion incompleta: Transaccion{id=846, fecha=2024-08-30, monto=null, tipo='credito'}"
taskExecutor-2,PROCESS,InvalidDataException,"Transaccion{id=528, fecha=2024-06-13, monto=3000, tipo='invalid'}","Transaccion 528 con tipo no valido: invalid"
taskExecutor-1,PROCESS,InvalidDataException,"Transaccion{id=214, fecha=2024-04-15, monto=null, tipo='desconocido'}","Transaccion incompleta: Transaccion{id=214, fecha=2024-04-15, monto=null, tipo='desconocido'}"
taskExecutor-2,PROCESS,InvalidDataException,"Transaccion{id=530, fecha=2024-07-10, monto=700, tipo='invalid'}","Transaccion 530 con tipo no valido: invalid"
taskExecutor-3,PROCESS,InvalidDataException,"Transaccion{id=851, fecha=2024-03-23, monto=null, tipo='credito'}","Transaccion incompleta: Transaccion{id=851, fecha=2024-03-23, monto=null, tipo='credito'}"
taskExecutor-2,PROCESS,InvalidDataException,"Transaccion{id=533, fecha=2024-11-18, monto=1500, tipo='credito'}","Transaccion duplicada omitida: Transaccion{id=533, fecha=2024-11-18, monto=1500, tipo='credito'}"
taskExecutor-1,PROCESS,InvalidDataException,"Transaccion{id=216, fecha=2024-03-05, monto=-200, tipo='desconocido'}","Transaccion 216 con tipo no valido: desconocido"
taskExecutor-3,PROCESS,InvalidDataException,"Transaccion{id=853, fecha=2024-07-03, monto=700, tipo='desconocido'}","Transaccion 853 con tipo no valido: desconocido"
taskExecutor-2,PROCESS,InvalidDataException,"Transaccion{id=534, fecha=2024-05-15, monto=3000, tipo='invalid'}","Transaccion 534 con tipo no valido: invalid"
taskExecutor-1,PROCESS,InvalidDataException,"Transaccion{id=221, fecha=2024-06-19, monto=1200, tipo='invalid'}","Transaccion 221 con tipo no valido: invalid"
taskExecutor-3,PROCESS,InvalidDataException,"Transaccion{id=858, fecha=2024-11-12, monto=null, tipo='credito'}","Transaccion incompleta: Transaccion{id=858, fecha=2024-11-12, monto=null, tipo='credito'}"
taskExecutor-1,PROCESS,InvalidDataException,"Transaccion{id=225, fecha=2024-04-01, monto=null, tipo='desconocido'}","Transaccion incompleta: Transaccion{id=225, fecha=2024-04-01, monto=null, tipo='desconocido'}"
taskExecutor-2,READ,FlatFileParseException,"525,2024-13-01,700,invalid","Parsing error at line: 526 in resource=[class path resource [data/transacciones.csv]], input=[525,2024-13-01,700,invalid]"
taskExecutor-1,PROCESS,InvalidDataException,"Transaccion{id=228, fecha=2024-07-12, monto=1500, tipo='invalid'}","Transaccion 228 con tipo no valido: invalid"
taskExecutor-3,PROCESS,InvalidDataException,"Transaccion{id=860, fecha=2024-02-08, monto=-200, tipo='invalid'}","Transaccion 860 con tipo no valido: invalid"
taskExecutor-2,PROCESS,InvalidDataException,"Transaccion{id=535, fecha=2024-10-19, monto=1000, tipo='desconocido'}","Transaccion 535 con tipo no valido: desconocido"
taskExecutor-1,PROCESS,InvalidDataException,"Transaccion{id=229, fecha=2024-10-22, monto=null, tipo='invalid'}","Transaccion incompleta: Transaccion{id=229, fecha=2024-10-22, monto=null, tipo='invalid'}"
taskExecutor-2,PROCESS,InvalidDataException,"Transaccion{id=537, fecha=2024-08-25, monto=null, tipo='credito'}","Transaccion incompleta: Transaccion{id=537, fecha=2024-08-25, monto=null, tipo='credito'}"
taskExecutor-3,PROCESS,InvalidDataException,"Transaccion{id=862, fecha=2024-07-24, monto=null, tipo='debito'}","Transaccion incompleta: Transaccion{id=862, fecha=2024-07-24, monto=null, tipo='debito'}"
taskExecutor-2,PROCESS,InvalidDataException,"Transaccion{id=542, fecha=2024-01-07, monto=null, tipo='debito'}","Transaccion incompleta: Transaccion{id=542, fecha=2024-01-07, monto=null, tipo='debito'}"
taskExecutor-1,PROCESS,InvalidDataException,"Transaccion{id=230, fecha=2024-01-13, monto=-100, tipo='invalid'}","Transaccion 230 con tipo no valido: invalid"
taskExecutor-2,READ,FlatFileParseException,"543,2024-13-01,1500,invalid","Parsing error at line: 544 in resource=[class path resource [data/transacciones.csv]], input=[543,2024-13-01,1500,invalid]"
taskExecutor-3,READ,FlatFileParseException,"852,2024-13-01,1000,invalid","Parsing error at line: 853 in resource=[class path resource [data/transacciones.csv]], input=[852,2024-13-01,1000,invalid]"
taskExecutor-1,PROCESS,InvalidDataException,"Transaccion{id=231, fecha=2024-12-25, monto=0, tipo='invalid'}","Transaccion 231 con tipo no valido: invalid"
taskExecutor-2,PROCESS,InvalidDataException,"Transaccion{id=549, fecha=2024-11-05, monto=null, tipo='credito'}","Transaccion incompleta: Transaccion{id=549, fecha=2024-11-05, monto=null, tipo='credito'}"
taskExecutor-3,PROCESS,InvalidDataException,"Transaccion{id=867, fecha=2024-03-12, monto=-200, tipo='invalid'}","Transaccion 867 con tipo no valido: invalid"
taskExecutor-1,PROCESS,InvalidDataException,"Transaccion{id=232, fecha=2024-02-04, monto=1500, tipo='invalid'}","Transaccion 232 con tipo no valido: invalid"
taskExecutor-3,PROCESS,InvalidDataException,"Transaccion{id=868, fecha=2024-11-20, monto=null, tipo='invalid'}","Transaccion incompleta: Transaccion{id=868, fecha=2024-11-20, monto=null, tipo='invalid'}"
taskExecutor-2,PROCESS,InvalidDataException,"Transaccion{id=550, fecha=2024-05-25, monto=800, tipo='debito'}","Transaccion duplicada omitida: Transaccion{id=550, fecha=2024-05-25, monto=800, tipo='debito'}"
taskExecutor-3,PROCESS,InvalidDataException,"Transaccion{id=870, fecha=2024-06-23, monto=1200, tipo='desconocido'}","Transaccion 870 con tipo no valido: desconocido"
taskExecutor-1,PROCESS,InvalidDataException,"Transaccion{id=235, fecha=2024-04-07, monto=800, tipo='invalid'}","Transaccion 235 con tipo no valido: invalid"
taskExecutor-3,PROCESS,InvalidDataException,"Transaccion{id=873, fecha=2024-12-23, monto=null, tipo='credito'}","Transaccion incompleta: Transaccion{id=873, fecha=2024-12-23, monto=null, tipo='credito'}"
taskExecutor-2,PROCESS,InvalidDataException,"Transaccion{id=551, fecha=2024-03-11, monto=null, tipo='credito'}","Transaccion incompleta: Transaccion{id=551, fecha=2024-03-11, monto=null, tipo='credito'}"
taskExecutor-1,PROCESS,InvalidDataException,"Transaccion{id=242, fecha=2024-07-24, monto=null, tipo='credito'}","Transaccion incompleta: Transaccion{id=242, fecha=2024-07-24, monto=null, tipo='credito'}"
taskExecutor-3,READ,FlatFileParseException,"863,2024-13-01,-200,invalid","Parsing error at line: 864 in resource=[class path resource [data/transacciones.csv]], input=[863,2024-13-01,-200,invalid]"
taskExecutor-1,PROCESS,InvalidDataException,"Transaccion{id=244, fecha=2024-07-23, monto=3000, tipo='desconocido'}","Transaccion 244 con tipo no valido: desconocido"
taskExecutor-2,PROCESS,InvalidDataException,"Transaccion{id=552, fecha=2024-06-01, monto=800, tipo='invalid'}","Transaccion 552 con tipo no valido: invalid"
taskExecutor-3,PROCESS,InvalidDataException,"Transaccion{id=874, fecha=2024-12-20, monto=-200, tipo='invalid'}","Transaccion 874 con tipo no valido: invalid"
taskExecutor-1,PROCESS,InvalidDataException,"Transaccion{id=247, fecha=2024-05-13, monto=null, tipo='debito'}","Transaccion incompleta: Transaccion{id=247, fecha=2024-05-13, monto=null, tipo='debito'}"
taskExecutor-3,PROCESS,InvalidDataException,"Transaccion{id=875, fecha=2024-09-01, monto=null, tipo='invalid'}","Transaccion incompleta: Transaccion{id=875, fecha=2024-09-01, monto=null, tipo='invalid'}"
taskExecutor-2,PROCESS,InvalidDataException,"Transaccion{id=553, fecha=2024-10-16, monto=1500, tipo='debito'}","Transaccion duplicada omitida: Transaccion{id=553, fecha=2024-10-16, monto=1500, tipo='debito'}"
taskExecutor-3,PROCESS,InvalidDataException,"Transaccion{id=877, fecha=2024-03-19, monto=null, tipo='credito'}","Transaccion incompleta: Transaccion{id=877, fecha=2024-03-19, monto=null, tipo='credito'}"
taskExecutor-1,PROCESS,InvalidDataException,"Transaccion{id=248, fecha=2024-12-10, monto=null, tipo='invalid'}","Transaccion incompleta: Transaccion{id=248, fecha=2024-12-10, monto=null, tipo='invalid'}"
taskExecutor-2,PROCESS,InvalidDataException,"Transaccion{id=557, fecha=2024-09-06, monto=null, tipo='debito'}","Transaccion incompleta: Transaccion{id=557, fecha=2024-09-06, monto=null, tipo='debito'}"
taskExecutor-3,PROCESS,InvalidDataException,"Transaccion{id=878, fecha=2024-01-08, monto=null, tipo='invalid'}","Transaccion incompleta: Transaccion{id=878, fecha=2024-01-08, monto=null, tipo='invalid'}"
taskExecutor-2,PROCESS,InvalidDataException,"Transaccion{id=558, fecha=2024-10-21, monto=700, tipo='invalid'}","Transaccion 558 con tipo no valido: invalid"
taskExecutor-1,PROCESS,InvalidDataException,"Transaccion{id=249, fecha=2024-06-19, monto=1200, tipo='invalid'}","Transaccion 249 con tipo no valido: invalid"
taskExecutor-2,PROCESS,InvalidDataException,"Transaccion{id=559, fecha=2024-12-26, monto=-200, tipo='desconocido'}","Transaccion 559 con tipo no valido: desconocido"
taskExecutor-2,PROCESS,InvalidDataException,"Transaccion{id=561, fecha=2024-01-05, monto=1500, tipo='invalid'}","Transaccion 561 con tipo no valido: invalid"
taskExecutor-3,PROCESS,InvalidDataException,"Transaccion{id=879, fecha=2024-07-05, monto=null, tipo='debito'}","Transaccion incompleta: Transaccion{id=879, fecha=2024-07-05, monto=null, tipo='debito'}"
taskExecutor-2,PROCESS,InvalidDataException,"Transaccion{id=562, fecha=2024-01-19, monto=800, tipo='credito'}","Transaccion duplicada omitida: Transaccion{id=562, fecha=2024-01-19, monto=800, tipo='credito'}"
taskExecutor-1,PROCESS,InvalidDataException,"Transaccion{id=253, fecha=2024-09-02, monto=null, tipo='invalid'}","Transaccion incompleta: Transaccion{id=253, fecha=2024-09-02, monto=null, tipo='invalid'}"
taskExecutor-2,PROCESS,InvalidDataException,"Transaccion{id=565, fecha=2024-11-11, monto=null, tipo='invalid'}","Transaccion incompleta: Transaccion{id=565, fecha=2024-11-11, monto=null, tipo='invalid'}"
taskExecutor-3,PROCESS,InvalidDataException,"Transaccion{id=881, fecha=2024-11-06, monto=-100, tipo='invalid'}","Transaccion 881 con tipo no valido: invalid"
taskExecutor-2,READ,FlatFileParseException,"560,2024-13-01,-200,credito","Parsing error at line: 561 in resource=[class path resource [data/transacciones.csv]], input=[560,2024-13-01,-200,credito]"
taskExecutor-1,PROCESS,InvalidDataException,"Transaccion{id=254, fecha=2024-10-26, monto=1200, tipo='invalid'}","Transaccion 254 con tipo no valido: invalid"
taskExecutor-3,PROCESS,InvalidDataException,"Transaccion{id=882, fecha=2024-07-08, monto=null, tipo='credito'}","Transaccion incompleta: Transaccion{id=882, fecha=2024-07-08, monto=null, tipo='credito'}"
taskExecutor-1,PROCESS,InvalidDataException,"Transaccion{id=258, fecha=2024-01-06, monto=null, tipo='credito'}","Transaccion incompleta: Transaccion{id=258, fecha=2024-01-06, monto=null, tipo='credito'}"
taskExecutor-2,PROCESS,InvalidDataException,"Transaccion{id=569, fecha=2024-06-05, monto=1200, tipo='desconocido'}","Transaccion 569 con tipo no valido: desconocido"
taskExecutor-1,PROCESS,InvalidDataException,"Transaccion{id=259, fecha=2024-05-04, monto=null, tipo='credito'}","Transaccion incompleta: Transaccion{id=259, fecha=2024-05-04, monto=null, tipo='credito'}"
taskExecutor-3,PROCESS,InvalidDataException,"Transaccion{id=883, fecha=2024-04-03, monto=-200, tipo='invalid'}","Transaccion 883 con tipo no valido: invalid"
taskExecutor-1,PROCESS,InvalidDataException,"Transaccion{id=260, fecha=2024-03-23, monto=3000, tipo='desconocido'}","Transaccion 260 con tipo no valido: desconocido"
taskExecutor-2,PROCESS,InvalidDataException,"Transaccion{id=570, fecha=2024-03-20, monto=1200, tipo='desconocido'}","Transaccion 570 con tipo no valido: desconocido"
taskExecutor-3,PROCESS,InvalidDataException,"Transaccion{id=888, fecha=2024-12-25, monto=null, tipo='debito'}","Transaccion incompleta: Transaccion{id=888, fecha=2024-12-25, monto=null, tipo='debito'}"
taskExecutor-1,PROCESS,InvalidDataException,"Transaccion{id=262, fecha=2024-09-02, monto=null, tipo='debito'}","Transaccion incompleta: Transaccion{id=262, fecha=2024-09-02, monto=null, tipo='debito'}"
taskExecutor-2,PROCESS,InvalidDataException,"Transaccion{id=573, fecha=2024-06-29, monto=1200, tipo='credito'}","Transaccion duplicada omitida: Transaccion{id=573, fecha=2024-06-29, monto=1200, tipo='credito'}"
taskExecutor-1,PROCESS,InvalidDataException,"Transaccion{id=263, fecha=2024-07-02, monto=3000, tipo='invalid'}","Transaccion 263 con tipo no valido: invalid"
taskExecutor-3,PROCESS,InvalidDataException,"Transaccion{id=891, fecha=2024-12-24, monto=3000, tipo='invalid'}","Transaccion 891 con tipo no valido: invalid"
taskExecutor-1,PROCESS,InvalidDataException,"Transaccion{id=266, fecha=2024-11-02, monto=-200, tipo='invalid'}","Transaccion 266 con tipo no valido: invalid"
taskExecutor-2,PROCESS,InvalidDataException,"Transaccion{id=576, fecha=2024-04-11, monto=1000, tipo='invalid'}","Transaccion 576 con tipo no valido: invalid"
taskExecutor-1,PROCESS,InvalidDataException,"Transaccion{id=267, fecha=2024-04-06, monto=null, tipo='invalid'}","Transaccion incompleta: Transaccion{id=267, fecha=2024-04-06, monto=null, tipo='invalid'}"
taskExecutor-3,PROCESS,InvalidDataException,"Transaccion{id=893, fecha=2024-11-06, monto=1000, tipo='invalid'}","Transaccion 893 con tipo no valido: invalid"
taskExecutor-2,PROCESS,InvalidDataException,"Transaccion{id=578, fecha=2024-12-05, monto=-200, tipo='invalid'}","Transaccion 578 con tipo no valido: invalid"
taskExecutor-1,PROCESS,InvalidDataException,"Transaccion{id=269, fecha=2024-07-27, monto=1200, tipo='desconocido'}","Transaccion 269 con tipo no valido: desconocido"
taskExecutor-3,PROCESS,InvalidDataException,"Transaccion{id=894, fecha=2024-10-30, monto=null, tipo='credito'}","Transaccion incompleta: Transaccion{id=894, fecha=2024-10-30, monto=null, tipo='credito'}"
taskExecutor-2,PROCESS,InvalidDataException,"Transaccion{id=579, fecha=2024-05-01, monto=null, tipo='invalid'}","Transaccion incompleta: Transaccion{id=579, fecha=2024-05-01, monto=null, tipo='invalid'}"
taskExecutor-3,PROCESS,InvalidDataException,"Transaccion{id=901, fecha=2024-06-22, monto=-200, tipo='invalid'}","Transaccion 901 con tipo no valido: invalid"
taskExecutor-1,PROCESS,InvalidDataException,"Transaccion{id=271, fecha=2024-03-18, monto=null, tipo='desconocido'}","Transaccion incompleta: Transaccion{id=271, fecha=2024-03-18, monto=null, tipo='desconocido'}"
taskExecutor-3,PROCESS,InvalidDataException,"Transaccion{id=902, fecha=2024-01-30, monto=1200, tipo='invalid'}","Transaccion 902 con tipo no valido: invalid"
taskExecutor-2,PROCESS,InvalidDataException,"Transaccion{id=580, fecha=2024-11-28, monto=700, tipo='invalid'}","Transaccion 580 con tipo no valido: invalid"
taskExecutor-3,READ,FlatFileParseException,"896,2024-13-01,1500,debito","Parsing error at line: 897 in resource=[class path resource [data/transacciones.csv]], input=[896,2024-13-01,1500,debito]"
taskExecutor-1,PROCESS,InvalidDataException,"Transaccion{id=272, fecha=2024-09-04, monto=3000, tipo='invalid'}","Transaccion 272 con tipo no valido: invalid"
taskExecutor-1,READ,FlatFileParseException,"264,2024-13-01,1500,invalid","Parsing error at line: 265 in resource=[class path resource [data/transacciones.csv]], input=[264,2024-13-01,1500,invalid]"
taskExecutor-2,PROCESS,InvalidDataException,"Transaccion{id=582, fecha=2024-03-20, monto=1500, tipo='invalid'}","Transaccion 582 con tipo no valido: invalid"
taskExecutor-1,READ,FlatFileParseException,"270,2024-13-01,1200,invalid","Parsing error at line: 271 in resource=[class path resource [data/transacciones.csv]], input=[270,2024-13-01,1200,invalid]"
taskExecutor-3,PROCESS,InvalidDataException,"Transaccion{id=906, fecha=2024-01-19, monto=null, tipo='invalid'}","Transaccion incompleta: Transaccion{id=906, fecha=2024-01-19, monto=null, tipo='invalid'}"
taskExecutor-3,PROCESS,InvalidDataException,"Transaccion{id=910, fecha=2024-08-08, monto=3000, tipo='invalid'}","Transaccion 910 con tipo no valido: invalid"
taskExecutor-3,PROCESS,InvalidDataException,"Transaccion{id=913, fecha=2024-04-06, monto=500, tipo='invalid'}","Transaccion 913 con tipo no valido: invalid"
taskExecutor-2,PROCESS,InvalidDataException,"Transaccion{id=583, fecha=2024-02-22, monto=3000, tipo='invalid'}","Transaccion 583 con tipo no valido: invalid"
taskExecutor-3,PROCESS,InvalidDataException,"Transaccion{id=915, fecha=2024-01-21, monto=-200, tipo='invalid'}","Transaccion 915 con tipo no valido: invalid"
taskExecutor-1,PROCESS,InvalidDataException,"Transaccion{id=273, fecha=2024-04-26, monto=1000, tipo='invalid'}","Transaccion 273 con tipo no valido: invalid"
taskExecutor-3,READ,FlatFileParseException,"909,2024-13-01,800,credito","Parsing error at line: 910 in resource=[class path resource [data/transacciones.csv]], input=[909,2024-13-01,800,credito]"
taskExecutor-2,PROCESS,InvalidDataException,"Transaccion{id=584, fecha=2024-01-09, monto=700, tipo='invalid'}","Transaccion 584 con tipo no valido: invalid"
taskExecutor-1,PROCESS,InvalidDataException,"Transaccion{id=279, fecha=2024-02-24, monto=800, tipo='invalid'}","Transaccion 279 con tipo no valido: invalid"
taskExecutor-2,PROCESS,InvalidDataException,"Transaccion{id=594, fecha=2024-12-17, monto=null, tipo='debito'}","Transaccion incompleta: Transaccion{id=594, fecha=2024-12-17, monto=null, tipo='debito'}"
taskExecutor-3,PROCESS,InvalidDataException,"Transaccion{id=916, fecha=2024-12-24, monto=700, tipo='invalid'}","Transaccion 916 con tipo no valido: invalid"
taskExecutor-2,PROCESS,InvalidDataException,"Transaccion{id=596, fecha=2024-09-27, monto=700, tipo='invalid'}","Transaccion 596 con tipo no valido: invalid"
taskExecutor-1,PROCESS,InvalidDataException,"Transaccion{id=282, fecha=2024-08-08, monto=null, tipo='debito'}","Transaccion incompleta: Transaccion{id=282, fecha=2024-08-08, monto=null, tipo='debito'}"
taskExecutor-2,READ,FlatFileParseException,"595,2024-13-01,1000,debito","Parsing error at line: 596 in resource=[class path resource [data/transacciones.csv]], input=[595,2024-13-01,1000,debito]"
taskExecutor-3,PROCESS,InvalidDataException,"Transaccion{id=918, fecha=2024-01-22, monto=-200, tipo='invalid'}","Transaccion 918 con tipo no valido: invalid"
taskExecutor-1,PROCESS,InvalidDataException,"Transaccion{id=284, fecha=2024-07-25, monto=1500, tipo='credito'}","Transaccion duplicada omitida: Transaccion{id=284, fecha=2024-07-25, monto=1500, tipo='credito'}"
taskExecutor-2,PROCESS,InvalidDataException,"Transaccion{id=598, fecha=2024-04-06, monto=null, tipo='credito'}","Transaccion incompleta: Transaccion{id=598, fecha=2024-04-06, monto=null, tipo='credito'}"
taskExecutor-3,PROCESS,InvalidDataException,"Transaccion{id=921, fecha=2024-09-24, monto=null, tipo='credito'}","Transaccion incompleta: Transaccion{id=921, fecha=2024-09-24, monto=null, tipo='credito'}"
taskExecutor-2,PROCESS,InvalidDataException,"Transaccion{id=600, fecha=2024-02-09, monto=1500, tipo='invalid'}","Transaccion 600 con tipo no valido: invalid"
taskExecutor-1,PROCESS,InvalidDataException,"Transaccion{id=285, fecha=2024-12-13, monto=1500, tipo='desconocido'}","Transaccion 285 con tipo no valido: desconocido"
taskExecutor-2,PROCESS,InvalidDataException,"Transaccion{id=601, fecha=2024-11-16, monto=1200, tipo='invalid'}","Transaccion 601 con tipo no valido: invalid"
taskExecutor-3,PROCESS,InvalidDataException,"Transaccion{id=923, fecha=2024-12-20, monto=null, tipo='desconocido'}","Transaccion incompleta: Transaccion{id=923, fecha=2024-12-20, monto=null, tipo='desconocido'}"
taskExecutor-2,PROCESS,InvalidDataException,"Transaccion{id=605, fecha=2024-07-30, monto=null, tipo='invalid'}","Transaccion incompleta: Transaccion{id=605, fecha=2024-07-30, monto=null, tipo='invalid'}"
taskExecutor-1,PROCESS,InvalidDataException,"Transaccion{id=291, fecha=2024-04-17, monto=1000, tipo='invalid'}","Transaccion 291 con tipo no valido: invalid"
taskExecutor-2,PROCESS,InvalidDataException,"Transaccion{id=606, fecha=2024-05-16, monto=1000, tipo='desconocido'}","Transaccion 606 con tipo no valido: desconocido"
taskExecutor-3,PROCESS,InvalidDataException,"Transaccion{id=924, fecha=2024-10-30, monto=null, tipo='debito'}","Transaccion incompleta: Transaccion{id=924, fecha=2024-10-30, monto=null, tipo='debito'}"
taskExecutor-1,PROCESS,InvalidDataException,"Transaccion{id=293, fecha=2024-10-18, monto=1500, tipo='invalid'}","Transaccion 293 con tipo no valido: invalid"
taskExecutor-2,READ,FlatFileParseException,"599,2024-13-01,700,debito","Parsing error at line: 600 in resource=[class path resource [data/transacciones.csv]], input=[599,2024-13-01,700,debito]"
taskExecutor-1,PROCESS,InvalidDataException,"Transaccion{id=294, fecha=2024-07-01, monto=700, tipo='desconocido'}","Transaccion 294 con tipo no valido: desconocido"
taskExecutor-3,PROCESS,InvalidDataException,"Transaccion{id=925, fecha=2024-11-04, monto=null, tipo='credito'}","Transaccion incompleta: Transaccion{id=925, fecha=2024-11-04, monto=null, tipo='credito'}"
taskExecutor-1,PROCESS,InvalidDataException,"Transaccion{id=295, fecha=2024-06-12, monto=null, tipo='invalid'}","Transaccion incompleta: Transaccion{id=295, fecha=2024-06-12, monto=null, tipo='invalid'}"
taskExecutor-2,READ,FlatFileParseException,"603,2024-13-01,-200,credito","Parsing error at line: 604 in resource=[class path resource [data/transacciones.csv]], input=[603,2024-13-01,-200,credito]"
taskExecutor-1,PROCESS,InvalidDataException,"Transaccion{id=296, fecha=2024-12-09, monto=null, tipo='debito'}","Transaccion incompleta: Transaccion{id=296, fecha=2024-12-09, monto=null, tipo='debito'}"
taskExecutor-3,PROCESS,InvalidDataException,"Transaccion{id=926, fecha=2024-01-23, monto=700, tipo='invalid'}","Transaccion 926 con tipo no valido: invalid"
taskExecutor-2,PROCESS,InvalidDataException,"Transaccion{id=611, fecha=2024-11-24, monto=null, tipo='debito'}","Transaccion incompleta: Transaccion{id=611, fecha=2024-11-24, monto=null, tipo='debito'}"
taskExecutor-1,PROCESS,InvalidDataException,"Transaccion{id=297, fecha=2024-08-19, monto=1000, tipo='desconocido'}","Transaccion 297 con tipo no valido: desconocido"
taskExecutor-2,PROCESS,InvalidDataException,"Transaccion{id=614, fecha=2024-01-05, monto=null, tipo='debito'}","Transaccion incompleta: Transaccion{id=614, fecha=2024-01-05, monto=null, tipo='debito'}"
taskExecutor-3,READ,FlatFileParseException,"917,2024-13-01,800,credito","Parsing error at line: 918 in resource=[class path resource [data/transacciones.csv]], input=[917,2024-13-01,800,credito]"
taskExecutor-2,PROCESS,InvalidDataException,"Transaccion{id=615, fecha=2024-11-25, monto=1500, tipo='invalid'}","Transaccion 615 con tipo no valido: invalid"
taskExecutor-1,PROCESS,InvalidDataException,"Transaccion{id=299, fecha=2024-10-10, monto=700, tipo='invalid'}","Transaccion 299 con tipo no valido: invalid"
taskExecutor-3,PROCESS,InvalidDataException,"Transaccion{id=928, fecha=2024-04-14, monto=1500, tipo='invalid'}","Transaccion 928 con tipo no valido: invalid"
taskExecutor-2,PROCESS,InvalidDataException,"Transaccion{id=616, fecha=2024-08-03, monto=500, tipo='invalid'}","Transaccion 616 con tipo no valido: invalid"
taskExecutor-3,PROCESS,InvalidDataException,"Transaccion{id=931, fecha=2024-12-08, monto=null, tipo='debito'}","Transaccion incompleta: Transaccion{id=931, fecha=2024-12-08, monto=null, tipo='debito'}"
taskExecutor-1,PROCESS,InvalidDataException,"Transaccion{id=300, fecha=2024-03-28, monto=1500, tipo='invalid'}","Transaccion 300 con tipo no valido: invalid"
taskExecutor-3,PROCESS,InvalidDataException,"Transaccion{id=933, fecha=2024-08-01, monto=-200, tipo='invalid'}","Transaccion 933 con tipo no valido: invalid"
taskExecutor-2,PROCESS,InvalidDataException,"Transaccion{id=617, fecha=2024-09-17, monto=-200, tipo='invalid'}","Transaccion 617 con tipo no valido: invalid"
taskExecutor-3,PROCESS,InvalidDataException,"Transaccion{id=934, fecha=2024-08-02, monto=null, tipo='credito'}","Transaccion incompleta: Transaccion{id=934, fecha=2024-08-02, monto=null, tipo='credito'}"
taskExecutor-1,PROCESS,InvalidDataException,"Transaccion{id=302, fecha=2024-10-16, monto=null, tipo='debito'}","Transaccion incompleta: Transaccion{id=302, fecha=2024-10-16, monto=null, tipo='debito'}"
taskExecutor-3,PROCESS,InvalidDataException,"Transaccion{id=935, fecha=2024-08-26, monto=1000, tipo='invalid'}","Transaccion 935 con tipo no valido: invalid"
taskExecutor-2,READ,FlatFileParseException,"610,2024-13-01,,debito","Parsing error at line: 611 in resource=[class path resource [data/transacciones.csv]], input=[610,2024-13-01,,debito]"
taskExecutor-3,READ,FlatFileParseException,"927,2024-13-01,,credito","Parsing error at line: 928 in resource=[class path resource [data/transacciones.csv]], input=[927,2024-13-01,,credito]"
taskExecutor-1,READ,FlatFileParseException,"298,2024-13-01,700,debito","Parsing error at line: 299 in resource=[class path resource [data/transacciones.csv]], input=[298,2024-13-01,700,debito]"
taskExecutor-3,PROCESS,InvalidDataException,"Transaccion{id=938, fecha=2024-10-08, monto=800, tipo='invalid'}","Transaccion 938 con tipo no valido: invalid"
taskExecutor-2,PROCESS,InvalidDataException,"Transaccion{id=622, fecha=2024-07-08, monto=700, tipo='invalid'}","Transaccion 622 con tipo no valido: invalid"
taskExecutor-1,PROCESS,InvalidDataException,"Transaccion{id=304, fecha=2024-03-03, monto=1000, tipo='invalid'}","Transaccion 304 con tipo no valido: invalid"
taskExecutor-3,PROCESS,InvalidDataException,"Transaccion{id=941, fecha=2024-01-14, monto=null, tipo='invalid'}","Transaccion incompleta: Transaccion{id=941, fecha=2024-01-14, monto=null, tipo='invalid'}"
taskExecutor-1,PROCESS,InvalidDataException,"Transaccion{id=305, fecha=2024-10-18, monto=700, tipo='invalid'}","Transaccion 305 con tipo no valido: invalid"
taskExecutor-2,PROCESS,InvalidDataException,"Transaccion{id=625, fecha=2024-05-15, monto=null, tipo='debito'}","Transaccion incompleta: Transaccion{id=625, fecha=2024-05-15, monto=null, tipo='debito'}"
taskExecutor-1,PROCESS,InvalidDataException,"Transaccion{id=306, fecha=2024-07-08, monto=null, tipo='invalid'}","Transaccion incompleta: Transaccion{id=306, fecha=2024-07-08, monto=null, tipo='invalid'}"
taskExecutor-3,PROCESS,InvalidDataException,"Transaccion{id=944, fecha=2024-07-20, monto=null, tipo='credito'}","Transaccion incompleta: Transaccion{id=944, fecha=2024-07-20, monto=null, tipo='credito'}"
taskExecutor-1,PROCESS,InvalidDataException,"Transaccion{id=307, fecha=2024-01-02, monto=null, tipo='credito'}","Transaccion incompleta: Transaccion{id=307, fecha=2024-01-02, monto=null, tipo='credito'}"
taskExecutor-2,PROCESS,InvalidDataException,"Transaccion{id=626, fecha=2024-04-12, monto=null, tipo='invalid'}","Transaccion incompleta: Transaccion{id=626, fecha=2024-04-12, monto=null, tipo='invalid'}"
taskExecutor-3,PROCESS,InvalidDataException,"Transaccion{id=949, fecha=2024-09-15, monto=1000, tipo='desconocido'}","Transaccion 949 con tipo no valido: desconocido"
taskExecutor-1,PROCESS,InvalidDataException,"Transaccion{id=310, fecha=2024-12-14, monto=1000, tipo='invalid'}","Transaccion 310 con tipo no valido: invalid"
taskExecutor-3,PROCESS,InvalidDataException,"Transaccion{id=950, fecha=2024-10-14, monto=1000, tipo='debito'}","Transaccion duplicada omitida: Transaccion{id=950, fecha=2024-10-14, monto=1000, tipo='debito'}"
taskExecutor-2,PROCESS,InvalidDataException,"Transaccion{id=628, fecha=2024-06-28, monto=null, tipo='invalid'}","Transaccion incompleta: Transaccion{id=628, fecha=2024-06-28, monto=null, tipo='invalid'}"
taskExecutor-3,PROCESS,InvalidDataException,"Transaccion{id=951, fecha=2024-06-07, monto=3000, tipo='invalid'}","Transaccion 951 con tipo no valido: invalid"
taskExecutor-1,PROCESS,InvalidDataException,"Transaccion{id=312, fecha=2024-06-24, monto=1200, tipo='desconocido'}","Transaccion 312 con tipo no valido: desconocido"
taskExecutor-3,PROCESS,InvalidDataException,"Transaccion{id=954, fecha=2024-02-10, monto=1000, tipo='invalid'}","Transaccion 954 con tipo no valido: invalid"
taskExecutor-2,PROCESS,InvalidDataException,"Transaccion{id=629, fecha=2024-12-26, monto=-200, tipo='invalid'}","Transaccion 629 con tipo no valido: invalid"
taskExecutor-3,PROCESS,InvalidDataException,"Transaccion{id=956, fecha=2024-12-01, monto=null, tipo='credito'}","Transaccion incompleta: Transaccion{id=956, fecha=2024-12-01, monto=null, tipo='credito'}"
taskExecutor-1,PROCESS,InvalidDataException,"Transaccion{id=313, fecha=2024-10-16, monto=-200, tipo='invalid'}","Transaccion 313 con tipo no valido: invalid"
taskExecutor-3,PROCESS,InvalidDataException,"Transaccion{id=957, fecha=2024-12-30, monto=700, tipo='invalid'}","Transaccion 957 con tipo no valido: invalid"
taskExecutor-2,PROCESS,InvalidDataException,"Transaccion{id=630, fecha=2024-10-20, monto=1500, tipo='desconocido'}","Transaccion 630 con tipo no valido: desconocido"
taskExecutor-1,PROCESS,InvalidDataException,"Transaccion{id=314, fecha=2024-03-22, monto=-200, tipo='invalid'}","Transaccion 314 con tipo no valido: invalid"
taskExecutor-3,PROCESS,InvalidDataException,"Transaccion{id=959, fecha=2024-06-25, monto=-200, tipo='invalid'}","Transaccion 959 con tipo no valido: invalid"
taskExecutor-2,PROCESS,InvalidDataException,"Transaccion{id=632, fecha=2024-02-11, monto=800, tipo='invalid'}","Transaccion 632 con tipo no valido: invalid"
taskExecutor-1,PROCESS,InvalidDataException,"Transaccion{id=316, fecha=2024-04-01, monto=null, tipo='credito'}","Transaccion incompleta: Transaccion{id=316, fecha=2024-04-01, monto=null, tipo='credito'}"
taskExecutor-2,PROCESS,InvalidDataException,"Transaccion{id=634, fecha=2024-06-15, monto=1500, tipo='debito'}","Transaccion duplicada omitida: Transaccion{id=634, fecha=2024-06-15, monto=1500, tipo='debito'}"
taskExecutor-3,PROCESS,InvalidDataException,"Transaccion{id=960, fecha=2024-03-29, monto=-200, tipo='invalid'}","Transaccion 960 con tipo no valido: invalid"
taskExecutor-2,PROCESS,InvalidDataException,"Transaccion{id=637, fecha=2024-07-01, monto=700, tipo='desconocido'}","Transaccion 637 con tipo no valido: desconocido"
taskExecutor-1,READ,FlatFileParseException,"308,2024-13-01,,invalid","Parsing error at line: 309 in resource=[class path resource [data/transacciones.csv]], input=[308,2024-13-01,,invalid]"
taskExecutor-2,PROCESS,InvalidDataException,"Transaccion{id=638, fecha=2024-11-20, monto=-200, tipo='invalid'}","Transaccion 638 con tipo no valido: invalid"
taskExecutor-3,PROCESS,InvalidDataException,"Transaccion{id=961, fecha=2024-10-20, monto=-200, tipo='invalid'}","Transaccion 961 con tipo no valido: invalid"
taskExecutor-2,READ,FlatFileParseException,"635,2024-13-01,1500,credito","Parsing error at line: 636 in resource=[class path resource [data/transacciones.csv]], input=[635,2024-13-01,1500,credito]"
taskExecutor-1,READ,FlatFileParseException,"311,2024-13-01,1000,credito","Parsing error at line: 312 in resource=[class path resource [data/transacciones.csv]], input=[311,2024-13-01,1000,credito]"
taskExecutor-3,PROCESS,InvalidDataException,"Transaccion{id=965, fecha=2024-08-12, monto=3000, tipo='invalid'}","Transaccion 965 con tipo no valido: invalid"
taskExecutor-2,PROCESS,InvalidDataException,"Transaccion{id=643, fecha=2024-06-27, monto=null, tipo='invalid'}","Transaccion incompleta: Transaccion{id=643, fecha=2024-06-27, monto=null, tipo='invalid'}"
taskExecutor-1,READ,FlatFileParseException,"315,2024-13-01,1200,debito","Parsing error at line: 316 in resource=[class path resource [data/transacciones.csv]], input=[315,2024-13-01,1200,debito]"
taskExecutor-3,PROCESS,InvalidDataException,"Transaccion{id=969, fecha=2024-04-15, monto=3000, tipo='invalid'}","Transaccion 969 con tipo no valido: invalid"
taskExecutor-2,PROCESS,InvalidDataException,"Transaccion{id=644, fecha=2024-05-18, monto=null, tipo='invalid'}","Transaccion incompleta: Transaccion{id=644, fecha=2024-05-18, monto=null, tipo='invalid'}"
taskExecutor-1,PROCESS,InvalidDataException,"Transaccion{id=317, fecha=2024-01-19, monto=800, tipo='invalid'}","Transaccion 317 con tipo no valido: invalid"
taskExecutor-3,PROCESS,InvalidDataException,"Transaccion{id=970, fecha=2024-02-14, monto=3000, tipo='invalid'}","Transaccion 970 con tipo no valido: invalid"
taskExecutor-1,PROCESS,InvalidDataException,"Transaccion{id=318, fecha=2024-06-04, monto=1500, tipo='invalid'}","Transaccion 318 con tipo no valido: invalid"
taskExecutor-2,PROCESS,InvalidDataException,"Transaccion{id=645, fecha=2024-08-26, monto=null, tipo='invalid'}","Transaccion incompleta: Transaccion{id=645, fecha=2024-08-26, monto=null, tipo='invalid'}"
taskExecutor-1,PROCESS,InvalidDataException,"Transaccion{id=319, fecha=2024-05-08, monto=-200, tipo='invalid'}","Transaccion 319 con tipo no valido: invalid"
taskExecutor-3,PROCESS,InvalidDataException,"Transaccion{id=972, fecha=2024-12-03, monto=1000, tipo='invalid'}","Transaccion 972 con tipo no valido: invalid"
taskExecutor-1,PROCESS,InvalidDataException,"Transaccion{id=320, fecha=2024-02-29, monto=700, tipo='invalid'}","Transaccion 320 con tipo no valido: invalid"
taskExecutor-2,PROCESS,InvalidDataException,"Transaccion{id=648, fecha=2024-02-21, monto=700, tipo='invalid'}","Transaccion 648 con tipo no valido: invalid"
taskExecutor-1,PROCESS,InvalidDataException,"Transaccion{id=322, fecha=2024-01-28, monto=null, tipo='invalid'}","Transaccion incompleta: Transaccion{id=322, fecha=2024-01-28, monto=null, tipo='invalid'}"
taskExecutor-3,PROCESS,InvalidDataException,"Transaccion{id=975, fecha=2024-04-07, monto=1200, tipo='desconocido'}","Transaccion 975 con tipo no valido: desconocido"
taskExecutor-1,PROCESS,InvalidDataException,"Transaccion{id=324, fecha=2024-09-23, monto=800, tipo='invalid'}","Transaccion 324 con tipo no valido: invalid"
taskExecutor-2,READ,FlatFileParseException,"651,2024-13-01,,invalid","Parsing error at line: 652 in resource=[class path resource [data/transacciones.csv]], input=[651,2024-13-01,,invalid]"
taskExecutor-1,PROCESS,InvalidDataException,"Transaccion{id=326, fecha=2024-12-15, monto=1200, tipo='invalid'}","Transaccion 326 con tipo no valido: invalid"
taskExecutor-3,PROCESS,InvalidDataException,"Transaccion{id=976, fecha=2024-02-09, monto=800, tipo='invalid'}","Transaccion 976 con tipo no valido: invalid"
taskExecutor-1,PROCESS,InvalidDataException,"Transaccion{id=327, fecha=2024-04-30, monto=-200, tipo='desconocido'}","Transaccion 327 con tipo no valido: desconocido"
taskExecutor-2,PROCESS,InvalidDataException,"Transaccion{id=657, fecha=2024-04-30, monto=1000, tipo='invalid'}","Transaccion 657 con tipo no valido: invalid"
taskExecutor-1,PROCESS,InvalidDataException,"Transaccion{id=329, fecha=2024-05-02, monto=700, tipo='invalid'}","Transaccion 329 con tipo no valido: invalid"
taskExecutor-3,PROCESS,InvalidDataException,"Transaccion{id=977, fecha=2024-05-21, monto=3000, tipo='invalid'}","Transaccion 977 con tipo no valido: invalid"
taskExecutor-1,PROCESS,InvalidDataException,"Transaccion{id=330, fecha=2024-12-04, monto=null, tipo='credito'}","Transaccion incompleta: Transaccion{id=330, fecha=2024-12-04, monto=null, tipo='credito'}"
taskExecutor-2,PROCESS,InvalidDataException,"Transaccion{id=658, fecha=2024-10-14, monto=1200, tipo='invalid'}","Transaccion 658 con tipo no valido: invalid"
taskExecutor-1,PROCESS,InvalidDataException,"Transaccion{id=333, fecha=2024-02-22, monto=null, tipo='debito'}","Transaccion incompleta: Transaccion{id=333, fecha=2024-02-22, monto=null, tipo='debito'}"
taskExecutor-3,PROCESS,InvalidDataException,"Transaccion{id=978, fecha=2024-04-08, monto=1500, tipo='invalid'}","Transaccion 978 con tipo no valido: invalid"
taskExecutor-2,PROCESS,InvalidDataException,"Transaccion{id=660, fecha=2024-07-17, monto=-200, tipo='invalid'}","Transaccion 660 con tipo no valido: invalid"
taskExecutor-3,READ,FlatFileParseException,"973,2024-13-01,,debito","Parsing error at line: 974 in resource=[class path resource [data/transacciones.csv]], input=[973,2024-13-01,,debito]"
taskExecutor-2,PROCESS,InvalidDataException,"Transaccion{id=663, fecha=2024-02-25, monto=null, tipo='invalid'}","Transaccion incompleta: Transaccion{id=663, fecha=2024-02-25, monto=null, tipo='invalid'}"
taskExecutor-2,PROCESS,InvalidDataException,"Transaccion{id=664, fecha=2024-02-17, monto=800, tipo='desconocido'}","Transaccion 664 con tipo no valido: desconocido"
taskExecutor-3,PROCESS,InvalidDataException,"Transaccion{id=980, fecha=2024-06-22, monto=700, tipo='invalid'}","Transaccion 980 con tipo no valido: invalid"
taskExecutor-2,PROCESS,InvalidDataException,"Transaccion{id=665, fecha=2024-04-13, monto=800, tipo='invalid'}","Transaccion 665 con tipo no valido: invalid"
taskExecutor-3,PROCESS,InvalidDataException,"Transaccion{id=982, fecha=2024-06-08, monto=null, tipo='invalid'}","Transaccion incompleta: Transaccion{id=982, fecha=2024-06-08, monto=null, tipo='invalid'}"
taskExecutor-2,PROCESS,InvalidDataException,"Transaccion{id=666, fecha=2024-04-25, monto=null, tipo='debito'}","Transaccion incompleta: Transaccion{id=666, fecha=2024-04-25, monto=null, tipo='debito'}"
taskExecutor-3,PROCESS,InvalidDataException,"Transaccion{id=983, fecha=2024-05-23, monto=1500, tipo='invalid'}","Transaccion 983 con tipo no valido: invalid"
taskExecutor-2,PROCESS,InvalidDataException,"Transaccion{id=668, fecha=2024-02-21, monto=null, tipo='credito'}","Transaccion incompleta: Transaccion{id=668, fecha=2024-02-21, monto=null, tipo='credito'}"
taskExecutor-3,PROCESS,InvalidDataException,"Transaccion{id=984, fecha=2024-05-07, monto=null, tipo='debito'}","Transaccion incompleta: Transaccion{id=984, fecha=2024-05-07, monto=null, tipo='debito'}"
taskExecutor-3,PROCESS,InvalidDataException,"Transaccion{id=986, fecha=2024-05-13, monto=700, tipo='invalid'}","Transaccion 986 con tipo no valido: invalid"
taskExecutor-3,PROCESS,InvalidDataException,"Transaccion{id=987, fecha=2024-10-13, monto=null, tipo='debito'}","Transaccion incompleta: Transaccion{id=987, fecha=2024-10-13, monto=null, tipo='debito'}"
taskExecutor-3,PROCESS,InvalidDataException,"Transaccion{id=988, fecha=2024-12-11, monto=1200, tipo='invalid'}","Transaccion 988 con tipo no valido: invalid"
taskExecutor-3,PROCESS,InvalidDataException,"Transaccion{id=994, fecha=2024-06-09, monto=700, tipo='invalid'}","Transaccion 994 con tipo no valido: invalid"
taskExecutor-3,PROCESS,InvalidDataException,"Transaccion{id=997, fecha=2024-06-14, monto=-200, tipo='invalid'}","Transaccion 997 con tipo no valido: invalid"
taskExecutor-3,PROCESS,InvalidDataException,"Transaccion{id=998, fecha=2024-01-14, monto=null, tipo='invalid'}","Transaccion incompleta: Transaccion{id=998, fecha=2024-01-14, monto=null, tipo='invalid'}"
taskExecutor-3,READ,FlatFileParseException,"993,2024-13-01,700,invalid","Parsing error at line: 994 in resource=[class path resource [data/transacciones.csv]], input=[993,2024-13-01,700,invalid]"
taskExecutor-3,PROCESS,InvalidDataException,"Transaccion{id=1000, fecha=2024-12-30, monto=1500, tipo='credito'}","Transaccion duplicada omitida: Transaccion{id=1000, fecha=2024-12-30, monto=1500, tipo='credito'}"
taskExecutor-1,PROCESS,InvalidDataException,"CuentaInteres{cuentaId=137, nombre='Bob Johnson', tipo='prestamo', saldo=7000}","Cuenta incompleta: CuentaInteres{cuentaId=137, nombre='Bob Johnson', tipo='prestamo', saldo=7000}"
taskExecutor-3,PROCESS,InvalidDataException,"CuentaInteres{cuentaId=148, nombre='Steve Rogers', tipo='prestamo', saldo=null}","Cuenta incompleta: CuentaInteres{cuentaId=148, nombre='Steve Rogers', tipo='prestamo', saldo=null}"
taskExecutor-2,PROCESS,InvalidDataException,"CuentaInteres{cuentaId=128, nombre='Steve Rogers', tipo='ahorro', saldo=5000}","Cuenta incompleta: CuentaInteres{cuentaId=128, nombre='Steve Rogers', tipo='ahorro', saldo=5000}"
taskExecutor-3,PROCESS,InvalidDataException,"CuentaInteres{cuentaId=105, nombre='John Doe', tipo='ahorro', saldo=null}","Cuenta 105 con saldo no positivo"
taskExecutor-1,PROCESS,InvalidDataException,"CuentaInteres{cuentaId=114, nombre='Unknown', tipo='-1', saldo=null}","Cuenta 114 con saldo no positivo"
taskExecutor-1,PROCESS,InvalidDataException,"CuentaInteres{cuentaId=113, nombre='Charlie Green', tipo='hipoteca', saldo=null}","Cuenta 113 con saldo no positivo"
taskExecutor-3,PROCESS,InvalidDataException,"CuentaInteres{cuentaId=105, nombre='Diana Prince', tipo='prestamo', saldo=null}","Cuenta 105 con saldo no positivo"
taskExecutor-2,PROCESS,InvalidDataException,"CuentaInteres{cuentaId=113, nombre='Unknown', tipo='-1', saldo=null}","Cuenta 113 con saldo no positivo"
taskExecutor-1,PROCESS,InvalidDataException,"CuentaInteres{cuentaId=145, nombre='Charlie Green', tipo='ahorro', saldo=8000}","Cuenta 145 con edad invalida: 150"
taskExecutor-3,PROCESS,InvalidDataException,"CuentaInteres{cuentaId=148, nombre='Steve Rogers', tipo='-1', saldo=5000}","Cuenta 148 con edad invalida: 150"
taskExecutor-1,PROCESS,InvalidDataException,"CuentaInteres{cuentaId=148, nombre='John Doe', tipo='prestamo', saldo=7000}","Cuenta incompleta: CuentaInteres{cuentaId=148, nombre='John Doe', tipo='prestamo', saldo=7000}"
taskExecutor-2,PROCESS,InvalidDataException,"CuentaInteres{cuentaId=140, nombre='John Doe', tipo='hipoteca', saldo=null}","Cuenta 140 con saldo no positivo"
taskExecutor-1,PROCESS,InvalidDataException,"CuentaInteres{cuentaId=142, nombre='Steve Rogers', tipo='-1', saldo=5000}","Cuenta incompleta: CuentaInteres{cuentaId=142, nombre='Steve Rogers', tipo='-1', saldo=5000}"
taskExecutor-3,PROCESS,InvalidDataException,"CuentaInteres{cuentaId=148, nombre='Steve Rogers', tipo='ahorro', saldo=7000}","Cuenta incompleta: CuentaInteres{cuentaId=148, nombre='Steve Rogers', tipo='ahorro', saldo=7000}"
taskExecutor-1,PROCESS,InvalidDataException,"CuentaInteres{cuentaId=111, nombre='Diana Prince', tipo='hipoteca', saldo=10000}","Cuenta incompleta: CuentaInteres{cuentaId=111, nombre='Diana Prince', tipo='hipoteca', saldo=10000}"
taskExecutor-2,PROCESS,InvalidDataException,"CuentaInteres{cuentaId=110, nombre='Alice Brown', tipo='-1', saldo=7000}","Cuenta incompleta: CuentaInteres{cuentaId=110, nombre='Alice Brown', tipo='-1', saldo=7000}"
taskExecutor-3,PROCESS,InvalidDataException,"CuentaInteres{cuentaId=103, nombre='Bob Johnson', tipo='-1', saldo=null}","Cuenta 103 con saldo no positivo"
taskExecutor-1,PROCESS,InvalidDataException,"CuentaInteres{cuentaId=146, nombre='Steve Rogers', tipo='ahorro', saldo=null}","Cuenta 146 con saldo no positivo"
taskExecutor-3,PROCESS,InvalidDataException,"CuentaInteres{cuentaId=114, nombre='Alice Brown', tipo='prestamo', saldo=8000}","Cuenta 114 con edad invalida: 150"
taskExecutor-2,PROCESS,InvalidDataException,"CuentaInteres{cuentaId=115, nombre='Diana Prince', tipo='-1', saldo=null}","Cuenta 115 con saldo no positivo"
taskExecutor-3,PROCESS,InvalidDataException,"CuentaInteres{cuentaId=129, nombre='Steve Rogers', tipo='prestamo', saldo=5000}","Cuenta incompleta: CuentaInteres{cuentaId=129, nombre='Steve Rogers', tipo='prestamo', saldo=5000}"
taskExecutor-1,PROCESS,InvalidDataException,"CuentaInteres{cuentaId=134, nombre='Charlie Green', tipo='-1', saldo=8000}","Cuenta 134 con edad invalida: 150"
taskExecutor-3,PROCESS,InvalidDataException,"CuentaInteres{cuentaId=123, nombre='Steve Rogers', tipo='hipoteca', saldo=12000}","Cuenta incompleta: CuentaInteres{cuentaId=123, nombre='Steve Rogers', tipo='hipoteca', saldo=12000}"
taskExecutor-2,PROCESS,InvalidDataException,"CuentaInteres{cuentaId=138, nombre='Charlie Green', tipo='-1', saldo=5000}","Cuenta incompleta: CuentaInteres{cuentaId=138, nombre='Charlie Green', tipo='-1', saldo=5000}"
taskExecutor-3,PROCESS,InvalidDataException,"CuentaInteres{cuentaId=107, nombre='Jane Smith', tipo='prestamo', saldo=10000}","Cuenta incompleta: CuentaInteres{cuentaId=107, nombre='Jane Smith', tipo='prestamo', saldo=10000}"
taskExecutor-1,PROCESS,InvalidDataException,"CuentaInteres{cuentaId=107, nombre='Alice Brown', tipo='prestamo', saldo=null}","Cuenta 107 con saldo no positivo"
taskExecutor-3,PROCESS,InvalidDataException,"CuentaInteres{cuentaId=134, nombre='Steve Rogers', tipo='-1', saldo=null}","Cuenta 134 con saldo no positivo"
taskExecutor-2,PROCESS,InvalidDataException,"CuentaInteres{cuentaId=105, nombre='Alice Brown', tipo='prestamo', saldo=null}","Cuenta 105 con saldo no positivo"
taskExecutor-1,PROCESS,InvalidDataException,"CuentaInteres{cuentaId=116, nombre='Diana Prince', tipo='prestamo', saldo=null}","Cuenta incompleta: CuentaInteres{cuentaId=116, nombre='Diana Prince', tipo='prestamo', saldo=null}"
taskExecutor-3,PROCESS,InvalidDataException,"CuentaInteres{cuentaId=113, nombre='Diana Prince', tipo='hipoteca', saldo=10000}","Cuenta incompleta: CuentaInteres{cuentaId=113, nombre='Diana Prince', tipo='hipoteca', saldo=10000}"
taskExecutor-1,PROCESS,InvalidDataException,"CuentaInteres{cuentaId=105, nombre='Diana Prince', tipo='prestamo', saldo=10000}","Cuenta duplicada: CuentaInteres{cuentaId=105, nombre='Diana Prince', tipo='prestamo', saldo=10000}"
taskExecutor-2,PROCESS,InvalidDataException,"CuentaInteres{cuentaId=150, nombre='Steve Rogers', tipo='hipoteca', saldo=null}","Cuenta 150 con saldo no positivo"
taskExecutor-3,PROCESS,InvalidDataException,"CuentaInteres{cuentaId=125, nombre='Diana Prince', tipo='prestamo', saldo=null}","Cuenta incompleta: CuentaInteres{cuentaId=125, nombre='Diana Prince', tipo='prestamo', saldo=null}"
taskExecutor-1,PROCESS,InvalidDataException,"CuentaInteres{cuentaId=141, nombre='Unknown', tipo='ahorro', saldo=7000}","Cuenta incompleta: CuentaInteres{cuentaId=141, nombre='Unknown', tipo='ahorro', saldo=7000}"
taskExecutor-3,PROCESS,InvalidDataException,"CuentaInteres{cuentaId=134, nombre='Steve Rogers', tipo='hipoteca', saldo=8000}","Cuenta incompleta: CuentaInteres{cuentaId=134, nombre='Steve Rogers', tipo='hipoteca', saldo=8000}"
taskExecutor-2,PROCESS,InvalidDataException,"CuentaInteres{cuentaId=137, nombre='Charlie Green', tipo='hipoteca', saldo=7000}","Cuenta 137 con edad invalida: 150"
taskExecutor-2,PROCESS,InvalidDataException,"CuentaInteres{cuentaId=124, nombre='John Doe', tipo='prestamo', saldo=null}","Cuenta 124 con saldo no positivo"
taskExecutor-3,PROCESS,InvalidDataException,"CuentaInteres{cuentaId=131, nombre='Bob Johnson', tipo='prestamo', saldo=10000}","Cuenta incompleta: CuentaInteres{cuentaId=131, nombre='Bob Johnson', tipo='prestamo', saldo=10000}"
taskExecutor-1,PROCESS,InvalidDataException,"CuentaInteres{cuentaId=120, nombre='John Doe', tipo='-1', saldo=null}","Cuenta incompleta: CuentaInteres{cuentaId=120, nombre='John Doe', tipo='-1', saldo=null}"
taskExecutor-3,PROCESS,InvalidDataException,"CuentaInteres{cuentaId=129, nombre='Alice Brown', tipo='prestamo', saldo=null}","Cuenta 129 con saldo no positivo"
taskExecutor-2,PROCESS,InvalidDataException,"CuentaInteres{cuentaId=132, nombre='John Doe', tipo='-1', saldo=null}","Cuenta 132 con saldo no positivo"
taskExecutor-3,PROCESS,InvalidDataException,"CuentaInteres{cuentaId=125, nombre='Jane Smith', tipo='ahorro', saldo=5000}","Cuenta incompleta: CuentaInteres{cuentaId=125, nombre='Jane Smith', tipo='ahorro', saldo=5000}"
taskExecutor-1,PROCESS,InvalidDataException,"CuentaInteres{cuentaId=143, nombre='Steve Rogers', tipo='ahorro', saldo=12000}","Cuenta duplicada: CuentaInteres{cuentaId=143, nombre='Steve Rogers', tipo='ahorro', saldo=12000}"
taskExecutor-3,PROCESS,InvalidDataException,"CuentaInteres{cuentaId=144, nombre='John Doe', tipo='hipoteca', saldo=null}","Cuenta 144 con saldo no positivo"
taskExecutor-2,PROCESS,InvalidDataException,"CuentaInteres{cuentaId=113, nombre='Alice Brown', tipo='-1', saldo=null}","Cuenta incompleta: CuentaInteres{cuentaId=113, nombre='Alice Brown', tipo='-1', saldo=null}"
taskExecutor-3,PROCESS,InvalidDataException,"CuentaInteres{cuentaId=113, nombre='Bob Johnson', tipo='hipoteca', saldo=12000}","Cuenta incompleta: CuentaInteres{cuentaId=113, nombre='Bob Johnson', tipo='hipoteca', saldo=12000}"
taskExecutor-1,PROCESS,InvalidDataException,"CuentaInteres{cuentaId=140, nombre='John Doe', tipo='-1', saldo=null}","Cuenta 140 con saldo no positivo"
taskExecutor-1,PROCESS,InvalidDataException,"CuentaInteres{cuentaId=107, nombre='Diana Prince', tipo='ahorro', saldo=null}","Cuenta 107 con saldo no positivo"
taskExecutor-3,PROCESS,InvalidDataException,"CuentaInteres{cuentaId=127, nombre='Charlie Green', tipo='-1', saldo=7000}","Cuenta 127 con edad invalida: 150"
taskExecutor-2,PROCESS,InvalidDataException,"CuentaInteres{cuentaId=119, nombre='Steve Rogers', tipo='-1', saldo=null}","Cuenta 119 con saldo no positivo"
taskExecutor-1,PROCESS,InvalidDataException,"CuentaInteres{cuentaId=150, nombre='Charlie Green', tipo='hipoteca', saldo=null}","Cuenta 150 con saldo no positivo"
taskExecutor-3,PROCESS,InvalidDataException,"CuentaInteres{cuentaId=124, nombre='John Doe', tipo='-1', saldo=12000}","Cuenta incompleta: CuentaInteres{cuentaId=124, nombre='John Doe', tipo='-1', saldo=12000}"
taskExecutor-1,PROCESS,InvalidDataException,"CuentaInteres{cuentaId=137, nombre='Steve Rogers', tipo='prestamo', saldo=null}","Cuenta 137 con saldo no positivo"
taskExecutor-2,PROCESS,InvalidDataException,"CuentaInteres{cuentaId=113, nombre='Charlie Green', tipo='unknown', saldo=7000}","Cuenta incompleta: CuentaInteres{cuentaId=113, nombre='Charlie Green', tipo='unknown', saldo=7000}"
taskExecutor-1,PROCESS,InvalidDataException,"CuentaInteres{cuentaId=143, nombre='Charlie Green', tipo='hipoteca', saldo=null}","Cuenta 143 con edad invalida: 150"
taskExecutor-3,PROCESS,InvalidDataException,"CuentaInteres{cuentaId=139, nombre='Jane Smith', tipo='hipoteca', saldo=10000}","Cuenta incompleta: CuentaInteres{cuentaId=139, nombre='Jane Smith', tipo='hipoteca', saldo=10000}"
taskExecutor-1,PROCESS,InvalidDataException,"CuentaInteres{cuentaId=133, nombre='Steve Rogers', tipo='-1', saldo=null}","Cuenta 133 con saldo no positivo"
taskExecutor-2,PROCESS,InvalidDataException,"CuentaInteres{cuentaId=120, nombre='John Doe', tipo='-1', saldo=null}","Cuenta incompleta: CuentaInteres{cuentaId=120, nombre='John Doe', tipo='-1', saldo=null}"
taskExecutor-1,PROCESS,InvalidDataException,"CuentaInteres{cuentaId=104, nombre='Jane Smith', tipo='ahorro', saldo=12000}","Cuenta 104 con edad invalida: 150"
taskExecutor-3,PROCESS,InvalidDataException,"CuentaInteres{cuentaId=103, nombre='John Doe', tipo='ahorro', saldo=7000}","Cuenta 103 con edad invalida: 150"
taskExecutor-1,PROCESS,InvalidDataException,"CuentaInteres{cuentaId=123, nombre='Diana Prince', tipo='hipoteca', saldo=7000}","Cuenta incompleta: CuentaInteres{cuentaId=123, nombre='Diana Prince', tipo='hipoteca', saldo=7000}"
taskExecutor-2,PROCESS,InvalidDataException,"CuentaInteres{cuentaId=149, nombre='Steve Rogers', tipo='prestamo', saldo=null}","Cuenta 149 con edad invalida: 150"
taskExecutor-1,PROCESS,InvalidDataException,"CuentaInteres{cuentaId=138, nombre='Alice Brown', tipo='-1', saldo=5000}","Cuenta incompleta: CuentaInteres{cuentaId=138, nombre='Alice Brown', tipo='-1', saldo=5000}"
taskExecutor-1,PROCESS,InvalidDataException,"CuentaInteres{cuentaId=121, nombre='Steve Rogers', tipo='hipoteca', saldo=8000}","Cuenta incompleta: CuentaInteres{cuentaId=121, nombre='Steve Rogers', tipo='hipoteca', saldo=8000}"
taskExecutor-3,PROCESS,InvalidDataException,"CuentaInteres{cuentaId=140, nombre='Bob Johnson', tipo='unknown', saldo=null}","Cuenta 140 con saldo no positivo"
taskExecutor-1,PROCESS,InvalidDataException,"CuentaInteres{cuentaId=107, nombre='Charlie Green', tipo='hipoteca', saldo=10000}","Cuenta 107 con edad invalida: 150"
taskExecutor-2,PROCESS,InvalidDataException,"CuentaInteres{cuentaId=107, nombre='Alice Brown', tipo='prestamo', saldo=10000}","Cuenta duplicada: CuentaInteres{cuentaId=107, nombre='Alice Brown', tipo='prestamo', saldo=10000}"
taskExecutor-1,PROCESS,InvalidDataException,"CuentaInteres{cuentaId=137, nombre='Bob Johnson', tipo='ahorro', saldo=8000}","Cuenta incompleta: CuentaInteres{cuentaId=137, nombre='Bob Johnson', tipo='ahorro', saldo=8000}"
taskExecutor-3,PROCESS,InvalidDataException,"CuentaInteres{cuentaId=129, nombre='John Doe', tipo='prestamo', saldo=null}","Cuenta 129 con saldo no positivo"
taskExecutor-1,PROCESS,InvalidDataException,"CuentaInteres{cuentaId=139, nombre='Bob Johnson', tipo='prestamo', saldo=null}","Cuenta 139 con saldo no positivo"
taskExecutor-2,PROCESS,InvalidDataException,"CuentaInteres{cuentaId=128, nombre='Diana Prince', tipo='hipoteca', saldo=7000}","Cuenta incompleta: CuentaInteres{cuentaId=128, nombre='Diana Prince', tipo='hipoteca', saldo=7000}"
taskExecutor-1,PROCESS,InvalidDataException,"CuentaInteres{cuentaId=102, nombre='Alice Brown', tipo='ahorro', saldo=8000}","Cuenta incompleta: CuentaInteres{cuentaId=102, nombre='Alice Brown', tipo='ahorro', saldo=8000}"
taskExecutor-3,PROCESS,InvalidDataException,"CuentaInteres{cuentaId=142, nombre='Charlie Green', tipo='hipoteca', saldo=12000}","Cuenta incompleta: CuentaInteres{cuentaId=142, nombre='Charlie Green', tipo='hipoteca', saldo=12000}"
taskExecutor-2,PROCESS,InvalidDataException,"CuentaInteres{cuentaId=120, nombre='Jane Smith', tipo='-1', saldo=5000}","Cuenta 120 con edad invalida: 150"
taskExecutor-1,PROCESS,InvalidDataException,"CuentaInteres{cuentaId=141, nombre='Bob Johnson', tipo='ahorro', saldo=null}","Cuenta incompleta: CuentaInteres{cuentaId=141, nombre='Bob Johnson', tipo='ahorro', saldo=null}"
taskExecutor-2,PROCESS,InvalidDataException,"CuentaInteres{cuentaId=146, nombre='John Doe', tipo='unknown', saldo=null}","Cuenta 146 con saldo no positivo"
taskExecutor-3,PROCESS,InvalidDataException,"CuentaInteres{cuentaId=142, nombre='Alice Brown', tipo='-1', saldo=12000}","Cuenta incompleta: CuentaInteres{cuentaId=142, nombre='Alice Brown', tipo='-1', saldo=12000}"
taskExecutor-2,PROCESS,InvalidDataException,"CuentaInteres{cuentaId=112, nombre='Jane Smith', tipo='-1', saldo=null}","Cuenta 112 con saldo no positivo"
taskExecutor-1,PROCESS,InvalidDataException,"CuentaInteres{cuentaId=126, nombre='Alice Brown', tipo='prestamo', saldo=12000}","Cuenta incompleta: CuentaInteres{cuentaId=126, nombre='Alice Brown', tipo='prestamo', saldo=12000}"
taskExecutor-2,PROCESS,InvalidDataException,"CuentaInteres{cuentaId=129, nombre='Steve Rogers', tipo='-1', saldo=7000}","Cuenta 129 con edad invalida: 150"
taskExecutor-2,PROCESS,InvalidDataException,"CuentaInteres{cuentaId=136, nombre='Bob Johnson', tipo='hipoteca', saldo=10000}","Cuenta incompleta: CuentaInteres{cuentaId=136, nombre='Bob Johnson', tipo='hipoteca', saldo=10000}"
taskExecutor-3,PROCESS,InvalidDataException,"CuentaInteres{cuentaId=111, nombre='Steve Rogers', tipo='-1', saldo=null}","Cuenta incompleta: CuentaInteres{cuentaId=111, nombre='Steve Rogers', tipo='-1', saldo=null}"
taskExecutor-3,PROCESS,InvalidDataException,"CuentaInteres{cuentaId=107, nombre='John Doe', tipo='-1', saldo=null}","Cuenta 107 con saldo no positivo"
taskExecutor-2,PROCESS,InvalidDataException,"CuentaInteres{cuentaId=112, nombre='Bob Johnson', tipo='ahorro', saldo=null}","Cuenta 112 con saldo no positivo"
taskExecutor-1,PROCESS,InvalidDataException,"CuentaInteres{cuentaId=107, nombre='Diana Prince', tipo='-1', saldo=null}","Cuenta 107 con saldo no positivo"
taskExecutor-1,PROCESS,InvalidDataException,"CuentaInteres{cuentaId=107, nombre='Unknown', tipo='ahorro', saldo=5000}","Cuenta incompleta: CuentaInteres{cuentaId=107, nombre='Unknown', tipo='ahorro', saldo=5000}"
taskExecutor-1,PROCESS,InvalidDataException,"CuentaInteres{cuentaId=120, nombre='Bob Johnson', tipo='-1', saldo=null}","Cuenta 120 con saldo no positivo"
taskExecutor-3,PROCESS,InvalidDataException,"CuentaInteres{cuentaId=144, nombre='John Doe', tipo='unknown', saldo=10000}","Cuenta incompleta: CuentaInteres{cuentaId=144, nombre='John Doe', tipo='unknown', saldo=10000}"
taskExecutor-1,PROCESS,InvalidDataException,"CuentaInteres{cuentaId=120, nombre='Unknown', tipo='prestamo', saldo=null}","Cuenta 120 con saldo no positivo"
taskExecutor-2,PROCESS,InvalidDataException,"CuentaInteres{cuentaId=111, nombre='Steve Rogers', tipo='-1', saldo=10000}","Cuenta incompleta: CuentaInteres{cuentaId=111, nombre='Steve Rogers', tipo='-1', saldo=10000}"
taskExecutor-1,PROCESS,InvalidDataException,"CuentaInteres{cuentaId=130, nombre='Charlie Green', tipo='-1', saldo=null}","Cuenta 130 con saldo no positivo"
taskExecutor-1,PROCESS,InvalidDataException,"CuentaInteres{cuentaId=137, nombre='John Doe', tipo='-1', saldo=null}","Cuenta 137 con saldo no positivo"
taskExecutor-1,PROCESS,InvalidDataException,"CuentaInteres{cuentaId=114, nombre='Charlie Green', tipo='-1', saldo=10000}","Cuenta incompleta: CuentaInteres{cuentaId=114, nombre='Charlie Green', tipo='-1', saldo=10000}"
taskExecutor-3,PROCESS,InvalidDataException,"CuentaInteres{cuentaId=111, nombre='John Doe', tipo='prestamo', saldo=null}","Cuenta 111 con saldo no positivo"
taskExecutor-1,PROCESS,InvalidDataException,"CuentaInteres{cuentaId=112, nombre='Steve Rogers', tipo='ahorro', saldo=10000}","Cuenta incompleta: CuentaInteres{cuentaId=112, nombre='Steve Rogers', tipo='ahorro', saldo=10000}"
taskExecutor-2,PROCESS,InvalidDataException,"CuentaInteres{cuentaId=147, nombre='John Doe', tipo='ahorro', saldo=null}","Cuenta 147 con saldo no positivo"
taskExecutor-1,PROCESS,InvalidDataException,"CuentaInteres{cuentaId=140, nombre='Jane Smith', tipo='-1', saldo=null}","Cuenta 140 con saldo no positivo"
taskExecutor-3,PROCESS,InvalidDataException,"CuentaInteres{cuentaId=137, nombre='Diana Prince', tipo='prestamo', saldo=null}","Cuenta 137 con saldo no positivo"
taskExecutor-2,PROCESS,InvalidDataException,"CuentaInteres{cuentaId=133, nombre='John Doe', tipo='hipoteca', saldo=10000}","Cuenta incompleta: CuentaInteres{cuentaId=133, nombre='John Doe', tipo='hipoteca', saldo=10000}"
taskExecutor-1,PROCESS,InvalidDataException,"CuentaInteres{cuentaId=149, nombre='Bob Johnson', tipo='ahorro', saldo=8000}","Cuenta incompleta: CuentaInteres{cuentaId=149, nombre='Bob Johnson', tipo='ahorro', saldo=8000}"
taskExecutor-3,PROCESS,InvalidDataException,"CuentaInteres{cuentaId=138, nombre='Steve Rogers', tipo='prestamo', saldo=null}","Cuenta 138 con saldo no positivo"
taskExecutor-1,PROCESS,InvalidDataException,"CuentaInteres{cuentaId=122, nombre='Bob Johnson', tipo='-1', saldo=null}","Cuenta 122 con saldo no positivo"
taskExecutor-1,PROCESS,InvalidDataException,"CuentaInteres{cuentaId=102, nombre='Jane Smith', tipo='prestamo', saldo=7000}","Cuenta incompleta: CuentaInteres{cuentaId=102, nombre='Jane Smith', tipo='prestamo', saldo=7000}"
taskExecutor-2,PROCESS,InvalidDataException,"CuentaInteres{cuentaId=132, nombre='Diana Prince', tipo='-1', saldo=7000}","Cuenta incompleta: CuentaInteres{cuentaId=132, nombre='Diana Prince', tipo='-1', saldo=7000}"
taskExecutor-1,PROCESS,InvalidDataException,"CuentaInteres{cuentaId=138, nombre='John Doe', tipo='prestamo', saldo=12000}","Cuenta 138 con edad invalida: 150"
taskExecutor-3,PROCESS,InvalidDataException,"CuentaInteres{cuentaId=122, nombre='Alice Brown', tipo='ahorro', saldo=5000}","Cuenta incompleta: CuentaInteres{cuentaId=122, nombre='Alice Brown', tipo='ahorro', saldo=5000}"
taskExecutor-1,PROCESS,InvalidDataException,"CuentaInteres{cuentaId=121, nombre='Steve Rogers', tipo='prestamo', saldo=5000}","Cuenta duplicada: CuentaInteres{cuentaId=121, nombre='Steve Rogers', tipo='prestamo', saldo=5000}"
taskExecutor-2,PROCESS,InvalidDataException,"CuentaInteres{cuentaId=104, nombre='Steve Rogers', tipo='hipoteca', saldo=null}","Cuenta incompleta: CuentaInteres{cuentaId=104, nombre='Steve Rogers', tipo='hipoteca', saldo=null}"
taskExecutor-1,PROCESS,InvalidDataException,"CuentaInteres{cuentaId=136, nombre='Alice Brown', tipo='ahorro', saldo=10000}","Cuenta incompleta: CuentaInteres{cuentaId=136, nombre='Alice Brown', tipo='ahorro', saldo=10000}"
taskExecutor-3,PROCESS,InvalidDataException,"CuentaInteres{cuentaId=139, nombre='Charlie Green', tipo='hipoteca', saldo=null}","Cuenta 139 con saldo no positivo"
taskExecutor-1,PROCESS,InvalidDataException,"CuentaInteres{cuentaId=127, nombre='Alice Brown', tipo='-1', saldo=7000}","Cuenta incompleta: CuentaInteres{cuentaId=127, nombre='Alice Brown', tipo='-1', saldo=7000}"
taskExecutor-2,PROCESS,InvalidDataException,"CuentaInteres{cuentaId=108, nombre='Alice Brown', tipo='prestamo', saldo=null}","Cuenta 108 con saldo no positivo"
taskExecutor-1,PROCESS,InvalidDataException,"CuentaInteres{cuentaId=131, nombre='Steve Rogers', tipo='-1', saldo=8000}","Cuenta 131 con edad invalida: 150"
taskExecutor-3,PROCESS,InvalidDataException,"CuentaInteres{cuentaId=137, nombre='Jane Smith', tipo='ahorro', saldo=8000}","Cuenta duplicada: CuentaInteres{cuentaId=137, nombre='Jane Smith', tipo='ahorro', saldo=8000}"
taskExecutor-1,PROCESS,InvalidDataException,"CuentaInteres{cuentaId=148, nombre='Bob Johnson', tipo='unknown', saldo=null}","Cuenta 148 con saldo no positivo"
taskExecutor-2,PROCESS,InvalidDataException,"CuentaInteres{cuentaId=116, nombre='Steve Rogers', tipo='hipoteca', saldo=7000}","Cuenta 116 con edad invalida: 150"
taskExecutor-3,PROCESS,InvalidDataException,"CuentaInteres{cuentaId=139, nombre='Charlie Green', tipo='prestamo', saldo=7000}","Cuenta 139 con edad invalida: 150"
taskExecutor-2,PROCESS,InvalidDataException,"CuentaInteres{cuentaId=103, nombre='John Doe', tipo='hipoteca', saldo=null}","Cuenta 103 con saldo no positivo"
taskExecutor-1,PROCESS,InvalidDataException,"CuentaInteres{cuentaId=113, nombre='Jane Smith', tipo='unknown', saldo=10000}","Cuenta incompleta: CuentaInteres{cuentaId=113, nombre='Jane Smith', tipo='unknown', saldo=10000}"
taskExecutor-2,PROCESS,InvalidDataException,"CuentaInteres{cuentaId=120, nombre='Jane Smith', tipo='ahorro', saldo=5000}","Cuenta incompleta: CuentaInteres{cuentaId=120, nombre='Jane Smith', tipo='ahorro', saldo=5000}"
taskExecutor-3,PROCESS,InvalidDataException,"CuentaInteres{cuentaId=144, nombre='Alice Brown', tipo='prestamo', saldo=7000}","Cuenta incompleta: CuentaInteres{cuentaId=144, nombre='Alice Brown', tipo='prestamo', saldo=7000}"
taskExecutor-1,PROCESS,InvalidDataException,"CuentaInteres{cuentaId=135, nombre='Charlie Green', tipo='-1', saldo=12000}","Cuenta 135 con edad invalida: 150"
taskExecutor-3,PROCESS,InvalidDataException,"CuentaInteres{cuentaId=106, nombre='Charlie Green', tipo='hipoteca', saldo=null}","Cuenta 106 con saldo no positivo"
taskExecutor-2,PROCESS,InvalidDataException,"CuentaInteres{cuentaId=109, nombre='Alice Brown', tipo='hipoteca', saldo=null}","Cuenta 109 con edad invalida: 150"
taskExecutor-3,PROCESS,InvalidDataException,"CuentaInteres{cuentaId=107, nombre='Jane Smith', tipo='prestamo', saldo=null}","Cuenta 107 con saldo no positivo"
taskExecutor-1,PROCESS,InvalidDataException,"CuentaInteres{cuentaId=150, nombre='Steve Rogers', tipo='hipoteca', saldo=null}","Cuenta incompleta: CuentaInteres{cuentaId=150, nombre='Steve Rogers', tipo='hipoteca', saldo=null}"
taskExecutor-1,PROCESS,InvalidDataException,"CuentaInteres{cuentaId=123, nombre='Diana Prince', tipo='ahorro', saldo=null}","Cuenta 123 con saldo no positivo"
taskExecutor-3,PROCESS,InvalidDataException,"CuentaInteres{cuentaId=114, nombre='Bob Johnson', tipo='ahorro', saldo=7000}","Cuenta incompleta: CuentaInteres{cuentaId=114, nombre='Bob Johnson', tipo='ahorro', saldo=7000}"
taskExecutor-2,PROCESS,InvalidDataException,"CuentaInteres{cuentaId=135, nombre='Charlie Green', tipo='prestamo', saldo=12000}","Cuenta incompleta: CuentaInteres{cuentaId=135, nombre='Charlie Green', tipo='prestamo', saldo=12000}"
taskExecutor-3,PROCESS,InvalidDataException,"CuentaInteres{cuentaId=110, nombre='Steve Rogers', tipo='hipoteca', saldo=null}","Cuenta 110 con saldo no positivo"
taskExecutor-1,PROCESS,InvalidDataException,"CuentaInteres{cuentaId=127, nombre='Diana Prince', tipo='-1', saldo=null}","Cuenta 127 con edad invalida: 150"
taskExecutor-3,PROCESS,InvalidDataException,"CuentaInteres{cuentaId=150, nombre='Diana Prince', tipo='-1', saldo=8000}","Cuenta incompleta: CuentaInteres{cuentaId=150, nombre='Diana Prince', tipo='-1', saldo=8000}"
taskExecutor-2,PROCESS,InvalidDataException,"CuentaInteres{cuentaId=129, nombre='Diana Prince', tipo='hipoteca', saldo=null}","Cuenta 129 con saldo no positivo"
taskExecutor-3,PROCESS,InvalidDataException,"CuentaInteres{cuentaId=102, nombre='Charlie Green', tipo='ahorro', saldo=null}","Cuenta 102 con saldo no positivo"
taskExecutor-1,PROCESS,InvalidDataException,"CuentaInteres{cuentaId=113, nombre='Charlie Green', tipo='-1', saldo=null}","Cuenta 113 con saldo no positivo"
taskExecutor-3,PROCESS,InvalidDataException,"CuentaInteres{cuentaId=145, nombre='Steve Rogers', tipo='ahorro', saldo=12000}","Cuenta duplicada: CuentaInteres{cuentaId=145, nombre='Steve Rogers', tipo='ahorro', saldo=12000}"
taskExecutor-3,PROCESS,InvalidDataException,"CuentaInteres{cuentaId=107, nombre='Jane Smith', tipo='hipoteca', saldo=null}","Cuenta 107 con saldo no positivo"
taskExecutor-2,PROCESS,InvalidDataException,"CuentaInteres{cuentaId=130, nombre='John Doe', tipo='ahorro', saldo=null}","Cuenta 130 con saldo no positivo"
taskExecutor-3,PROCESS,InvalidDataException,"CuentaInteres{cuentaId=116, nombre='Steve Rogers', tipo='-1', saldo=null}","Cuenta 116 con saldo no positivo"
taskExecutor-1,PROCESS,InvalidDataException,"CuentaInteres{cuentaId=145, nombre='Diana Prince', tipo='-1', saldo=null}","Cuenta 145 con saldo no positivo"
taskExecutor-3,PROCESS,InvalidDataException,"CuentaInteres{cuentaId=135, nombre='Bob Johnson', tipo='hipoteca', saldo=null}","Cuenta 135 con saldo no positivo"
taskExecutor-2,PROCESS,InvalidDataException,"CuentaInteres{cuentaId=144, nombre='Steve Rogers', tipo='prestamo', saldo=10000}","Cuenta incompleta: CuentaInteres{cuentaId=144, nombre='Steve Rogers', tipo='prestamo', saldo=10000}"
taskExecutor-3,PROCESS,InvalidDataException,"CuentaInteres{cuentaId=139, nombre='Charlie Green', tipo='-1', saldo=10000}","Cuenta incompleta: CuentaInteres{cuentaId=139, nombre='Charlie Green', tipo='-1', saldo=10000}"
taskExecutor-1,PROCESS,InvalidDataException,"CuentaInteres{cuentaId=123, nombre='Bob Johnson', tipo='ahorro', saldo=5000}","Cuenta duplicada: CuentaInteres{cuentaId=123, nombre='Bob Johnson', tipo='ahorro', saldo=5000}"
taskExecutor-1,PROCESS,InvalidDataException,"CuentaInteres{cuentaId=142, nombre='John Doe', tipo='hipoteca', saldo=null}","Cuenta 142 con saldo no positivo"
taskExecutor-3,PROCESS,InvalidDataException,"CuentaInteres{cuentaId=138, nombre='Bob Johnson', tipo='-1', saldo=8000}","Cuenta incompleta: CuentaInteres{cuentaId=138, nombre='Bob Johnson', tipo='-1', saldo=8000}"
taskExecutor-2,PROCESS,InvalidDataException,"CuentaInteres{cuentaId=120, nombre='Jane Smith', tipo='prestamo', saldo=null}","Cuenta 120 con saldo no positivo"
taskExecutor-3,PROCESS,InvalidDataException,"CuentaInteres{cuentaId=127, nombre='Jane Smith', tipo='ahorro', saldo=8000}","Cuenta duplicada: CuentaInteres{cuentaId=127, nombre='Jane Smith', tipo='ahorro', saldo=8000}"
taskExecutor-1,PROCESS,InvalidDataException,"CuentaInteres{cuentaId=128, nombre='John Doe', tipo='unknown', saldo=null}","Cuenta 128 con saldo no positivo"
taskExecutor-3,PROCESS,InvalidDataException,"CuentaInteres{cuentaId=128, nombre='Jane Smith', tipo='hipoteca', saldo=null}","Cuenta 128 con saldo no positivo"
taskExecutor-2,PROCESS,InvalidDataException,"CuentaInteres{cuentaId=101, nombre='John Doe', tipo='prestamo', saldo=10000}","Cuenta duplicada: CuentaInteres{cuentaId=101, nombre='John Doe', tipo='prestamo', saldo=10000}"
taskExecutor-3,PROCESS,InvalidDataException,"CuentaInteres{cuentaId=133, nombre='John Doe', tipo='prestamo', saldo=12000}","Cuenta incompleta: CuentaInteres{cuentaId=133, nombre='John Doe', tipo='prestamo', saldo=12000}"
taskExecutor-1,PROCESS,InvalidDataException,"CuentaInteres{cuentaId=126, nombre='Diana Prince', tipo='hipoteca', saldo=12000}","Cuenta incompleta: CuentaInteres{cuentaId=126, nombre='Diana Prince', tipo='hipoteca', saldo=12000}"
taskExecutor-3,PROCESS,InvalidDataException,"CuentaInteres{cuentaId=140, nombre='Charlie Green', tipo='hipoteca', saldo=null}","Cuenta 140 con saldo no positivo"
taskExecutor-2,PROCESS,InvalidDataException,"CuentaInteres{cuentaId=102, nombre='Jane Smith', tipo='hipoteca', saldo=null}","Cuenta 102 con edad invalida: 150"
taskExecutor-3,PROCESS,InvalidDataException,"CuentaInteres{cuentaId=114, nombre='Bob Johnson', tipo='prestamo', saldo=null}","Cuenta incompleta: CuentaInteres{cuentaId=114, nombre='Bob Johnson', tipo='prestamo', saldo=null}"
taskExecutor-1,PROCESS,InvalidDataException,"CuentaInteres{cuentaId=149, nombre='Alice Brown', tipo='prestamo', saldo=8000}","Cuenta incompleta: CuentaInteres{cuentaId=149, nombre='Alice Brown', tipo='prestamo', saldo=8000}"
taskExecutor-2,PROCESS,InvalidDataException,"CuentaInteres{cuentaId=145, nombre='Alice Brown', tipo='hipoteca', saldo=null}","Cuenta 145 con saldo no positivo"
taskExecutor-3,PROCESS,InvalidDataException,"CuentaInteres{cuentaId=101, nombre='Bob Johnson', tipo='ahorro', saldo=8000}","Cuenta incompleta: CuentaInteres{cuentaId=101, nombre='Bob Johnson', tipo='ahorro', saldo=8000}"
taskExecutor-2,PROCESS,InvalidDataException,"CuentaInteres{cuentaId=121, nombre='Diana Prince', tipo='prestamo', saldo=7000}","Cuenta duplicada: CuentaInteres{cuentaId=121, nombre='Diana Prince', tipo='prestamo', saldo=7000}"
taskExecutor-2,PROCESS,InvalidDataException,"CuentaInteres{cuentaId=137, nombre='Jane Smith', tipo='-1', saldo=8000}","Cuenta incompleta: CuentaInteres{cuentaId=137, nombre='Jane Smith', tipo='-1', saldo=8000}"
taskExecutor-1,PROCESS,InvalidDataException,"CuentaInteres{cuentaId=121, nombre='John Doe', tipo='hipoteca', saldo=null}","Cuenta 121 con saldo no positivo"
taskExecutor-2,PROCESS,InvalidDataException,"CuentaInteres{cuentaId=130, nombre='Alice Brown', tipo='-1', saldo=null}","Cuenta 130 con saldo no positivo"
taskExecutor-3,PROCESS,InvalidDataException,"CuentaInteres{cuentaId=111, nombre='Jane Smith', tipo='ahorro', saldo=7000}","Cuenta incompleta: CuentaInteres{cuentaId=111, nombre='Jane Smith', tipo='ahorro', saldo=7000}"
taskExecutor-2,PROCESS,InvalidDataException,"CuentaInteres{cuentaId=126, nombre='Bob Johnson', tipo='ahorro', saldo=null}","Cuenta incompleta: CuentaInteres{cuentaId=126, nombre='Bob Johnson', tipo='ahorro', saldo=null}"
taskExecutor-1,PROCESS,InvalidDataException,"CuentaInteres{cuentaId=108, nombre='Alice Brown', tipo='ahorro', saldo=10000}","Cuenta incompleta: CuentaInteres{cuentaId=108, nombre='Alice Brown', tipo='ahorro', saldo=10000}"
taskExecutor-3,PROCESS,InvalidDataException,"CuentaInteres{cuentaId=145, nombre='Steve Rogers', tipo='ahorro', saldo=12000}","Cuenta duplicada: CuentaInteres{cuentaId=145, nombre='Steve Rogers', tipo='ahorro', saldo=12000}"
taskExecutor-2,PROCESS,InvalidDataException,"CuentaInteres{cuentaId=129, nombre='Jane Smith', tipo='-1', saldo=10000}","Cuenta incompleta: CuentaInteres{cuentaId=129, nombre='Jane Smith', tipo='-1', saldo=10000}"
taskExecutor-1,PROCESS,InvalidDataException,"CuentaInteres{cuentaId=121, nombre='John Doe', tipo='-1', saldo=null}","Cuenta incompleta: CuentaInteres{cuentaId=121, nombre='John Doe', tipo='-1', saldo=null}"
taskExecutor-2,PROCESS,InvalidDataException,"CuentaInteres{cuentaId=124, nombre='Steve Rogers', tipo='hipoteca', saldo=7000}","Cuenta incompleta: CuentaInteres{cuentaId=124, nombre='Steve Rogers', tipo='hipoteca', saldo=7000}"
taskExecutor-3,PROCESS,InvalidDataException,"CuentaInteres{cuentaId=114, nombre='Steve Rogers', tipo='-1', saldo=5000}","Cuenta incompleta: CuentaInteres{cuentaId=114, nombre='Steve Rogers', tipo='-1', saldo=5000}"
taskExecutor-2,PROCESS,InvalidDataException,"CuentaInteres{cuentaId=110, nombre='Alice Brown', tipo='-1', saldo=7000}","Cuenta incompleta: CuentaInteres{cuentaId=110, nombre='Alice Brown', tipo='-1', saldo=7000}"
taskExecutor-1,PROCESS,InvalidDataException,"CuentaInteres{cuentaId=137, nombre='Steve Rogers', tipo='-1', saldo=8000}","Cuenta incompleta: CuentaInteres{cuentaId=137, nombre='Steve Rogers', tipo='-1', saldo=8000}"
taskExecutor-3,PROCESS,InvalidDataException,"CuentaInteres{cuentaId=105, nombre='Steve Rogers', tipo='hipoteca', saldo=null}","Cuenta 105 con saldo no positivo"
taskExecutor-2,PROCESS,InvalidDataException,"CuentaInteres{cuentaId=139, nombre='Jane Smith', tipo='-1', saldo=null}","Cuenta 139 con saldo no positivo"
taskExecutor-3,PROCESS,InvalidDataException,"CuentaInteres{cuentaId=104, nombre='John Doe', tipo='ahorro', saldo=null}","Cuenta 104 con saldo no positivo"
taskExecutor-1,PROCESS,InvalidDataException,"CuentaInteres{cuentaId=112, nombre='John Doe', tipo='-1', saldo=7000}","Cuenta 112 con edad invalida: 150"
taskExecutor-3,PROCESS,InvalidDataException,"CuentaInteres{cuentaId=122, nombre='Bob Johnson', tipo='ahorro', saldo=10000}","Cuenta incompleta: CuentaInteres{cuentaId=122, nombre='Bob Johnson', tipo='ahorro', saldo=10000}"
taskExecutor-2,PROCESS,InvalidDataException,"CuentaInteres{cuentaId=113, nombre='John Doe', tipo='prestamo', saldo=null}","Cuenta 113 con saldo no positivo"
taskExecutor-3,PROCESS,InvalidDataException,"CuentaInteres{cuentaId=117, nombre='Jane Smith', tipo='-1', saldo=null}","Cuenta 117 con saldo no positivo"
taskExecutor-1,PROCESS,InvalidDataException,"CuentaInteres{cuentaId=111, nombre='John Doe', tipo='-1', saldo=null}","Cuenta 111 con saldo no positivo"
taskExecutor-2,PROCESS,InvalidDataException,"CuentaInteres{cuentaId=140, nombre='Charlie Green', tipo='prestamo', saldo=5000}","Cuenta incompleta: CuentaInteres{cuentaId=140, nombre='Charlie Green', tipo='prestamo', saldo=5000}"
taskExecutor-3,PROCESS,InvalidDataException,"CuentaInteres{cuentaId=149, nombre='Alice Brown', tipo='ahorro', saldo=null}","Cuenta 149 con saldo no positivo"
taskExecutor-2,PROCESS,InvalidDataException,"CuentaInteres{cuentaId=113, nombre='Alice Brown', tipo='-1', saldo=7000}","Cuenta 113 con edad invalida: 150"
taskExecutor-1,PROCESS,InvalidDataException,"CuentaInteres{cuentaId=121, nombre='John Doe', tipo='ahorro', saldo=null}","Cuenta 121 con edad invalida: 150"
taskExecutor-2,PROCESS,InvalidDataException,"CuentaInteres{cuentaId=114, nombre='Bob Johnson', tipo='-1', saldo=7000}","Cuenta incompleta: CuentaInteres{cuentaId=114, nombre='Bob Johnson', tipo='-1', saldo=7000}"
taskExecutor-3,PROCESS,InvalidDataException,"CuentaInteres{cuentaId=138, nombre='Bob Johnson', tipo='prestamo', saldo=null}","Cuenta 138 con saldo no positivo"
taskExecutor-2,PROCESS,InvalidDataException,"CuentaInteres{cuentaId=102, nombre='Bob Johnson', tipo='hipoteca', saldo=5000}","Cuenta 102 con edad invalida: 150"
taskExecutor-1,PROCESS,InvalidDataException,"CuentaInteres{cuentaId=117, nombre='Bob Johnson', tipo='prestamo', saldo=5000}","Cuenta incompleta: CuentaInteres{cuentaId=117, nombre='Bob Johnson', tipo='prestamo', saldo=5000}"
taskExecutor-2,PROCESS,InvalidDataException,"CuentaInteres{cuentaId=143, nombre='Charlie Green', tipo='-1', saldo=null}","Cuenta 143 con saldo no positivo"
taskExecutor-3,PROCESS,InvalidDataException,"CuentaInteres{cuentaId=102, nombre='Jane Smith', tipo='hipoteca', saldo=12000}","Cuenta incompleta: CuentaInteres{cuentaId=102, nombre='Jane Smith', tipo='hipoteca', saldo=12000}"
taskExecutor-2,PROCESS,InvalidDataException,"CuentaInteres{cuentaId=107, nombre='Alice Brown', tipo='hipoteca', saldo=7000}","Cuenta incompleta: CuentaInteres{cuentaId=107, nombre='Alice Brown', tipo='hipoteca', saldo=7000}"
taskExecutor-1,PROCESS,InvalidDataException,"CuentaInteres{cuentaId=120, nombre='Diana Prince', tipo='ahorro', saldo=null}","Cuenta incompleta: CuentaInteres{cuentaId=120, nombre='Diana Prince', tipo='ahorro', saldo=null}"
taskExecutor-2,PROCESS,InvalidDataException,"CuentaInteres{cuentaId=107, nombre='Bob Johnson', tipo='hipoteca', saldo=null}","Cuenta 107 con saldo no positivo"
taskExecutor-3,PROCESS,InvalidDataException,"CuentaInteres{cuentaId=121, nombre='Alice Brown', tipo='-1', saldo=5000}","Cuenta incompleta: CuentaInteres{cuentaId=121, nombre='Alice Brown', tipo='-1', saldo=5000}"
taskExecutor-1,PROCESS,InvalidDataException,"CuentaInteres{cuentaId=138, nombre='Diana Prince', tipo='-1', saldo=5000}","Cuenta incompleta: CuentaInteres{cuentaId=138, nombre='Diana Prince', tipo='-1', saldo=5000}"
taskExecutor-3,PROCESS,InvalidDataException,"CuentaInteres{cuentaId=127, nombre='Bob Johnson', tipo='prestamo', saldo=null}","Cuenta incompleta: CuentaInteres{cuentaId=127, nombre='Bob Johnson', tipo='prestamo', saldo=null}"
taskExecutor-2,PROCESS,InvalidDataException,"CuentaInteres{cuentaId=142, nombre='Steve Rogers', tipo='ahorro', saldo=null}","Cuenta 142 con saldo no positivo"
taskExecutor-3,PROCESS,InvalidDataException,"CuentaInteres{cuentaId=136, nombre='John Doe', tipo='prestamo', saldo=10000}","Cuenta duplicada: CuentaInteres{cuentaId=136, nombre='John Doe', tipo='prestamo', saldo=10000}"
taskExecutor-1,PROCESS,InvalidDataException,"CuentaInteres{cuentaId=145, nombre='Steve Rogers', tipo='ahorro', saldo=null}","Cuenta incompleta: CuentaInteres{cuentaId=145, nombre='Steve Rogers', tipo='ahorro', saldo=null}"
taskExecutor-3,PROCESS,InvalidDataException,"CuentaInteres{cuentaId=123, nombre='Alice Brown', tipo='ahorro', saldo=7000}","Cuenta duplicada: CuentaInteres{cuentaId=123, nombre='Alice Brown', tipo='ahorro', saldo=7000}"
taskExecutor-2,PROCESS,InvalidDataException,"CuentaInteres{cuentaId=148, nombre='Charlie Green', tipo='ahorro', saldo=8000}","Cuenta incompleta: CuentaInteres{cuentaId=148, nombre='Charlie Green', tipo='ahorro', saldo=8000}"
taskExecutor-3,PROCESS,InvalidDataException,"CuentaInteres{cuentaId=108, nombre='John Doe', tipo='-1', saldo=null}","Cuenta incompleta: CuentaInteres{cuentaId=108, nombre='John Doe', tipo='-1', saldo=null}"
taskExecutor-1,PROCESS,InvalidDataException,"CuentaInteres{cuentaId=107, nombre='Steve Rogers', tipo='ahorro', saldo=10000}","Cuenta incompleta: CuentaInteres{cuentaId=107, nombre='Steve Rogers', tipo='ahorro', saldo=10000}"
taskExecutor-3,PROCESS,InvalidDataException,"CuentaInteres{cuentaId=105, nombre='Alice Brown', tipo='ahorro', saldo=null}","Cuenta 105 con saldo no positivo"
taskExecutor-2,PROCESS,InvalidDataException,"CuentaInteres{cuentaId=144, nombre='Bob Johnson', tipo='unknown', saldo=10000}","Cuenta incompleta: CuentaInteres{cuentaId=144, nombre='Bob Johnson', tipo='unknown', saldo=10000}"
taskExecutor-1,PROCESS,InvalidDataException,"CuentaInteres{cuentaId=147, nombre='Jane Smith', tipo='prestamo', saldo=12000}","Cuenta duplicada: CuentaInteres{cuentaId=147, nombre='Jane Smith', tipo='prestamo', saldo=12000}"
taskExecutor-2,PROCESS,InvalidDataException,"CuentaInteres{cuentaId=114, nombre='Steve Rogers', tipo='unknown', saldo=10000}","Cuenta incompleta: CuentaInteres{cuentaId=114, nombre='Steve Rogers', tipo='unknown', saldo=10000}"
taskExecutor-3,PROCESS,InvalidDataException,"CuentaInteres{cuentaId=134, nombre='Steve Rogers', tipo='prestamo', saldo=5000}","Cuenta incompleta: CuentaInteres{cuentaId=134, nombre='Steve Rogers', tipo='prestamo', saldo=5000}"
taskExecutor-2,PROCESS,InvalidDataException,"CuentaInteres{cuentaId=103, nombre='Jane Smith', tipo='ahorro', saldo=5000}","Cuenta incompleta: CuentaInteres{cuentaId=103, nombre='Jane Smith', tipo='ahorro', saldo=5000}"
taskExecutor-1,PROCESS,InvalidDataException,"CuentaInteres{cuentaId=146, nombre='Jane Smith', tipo='-1', saldo=null}","Cuenta 146 con saldo no positivo"
taskExecutor-2,PROCESS,InvalidDataException,"CuentaInteres{cuentaId=125, nombre='John Doe', tipo='-1', saldo=null}","Cuenta 125 con saldo no positivo"
taskExecutor-3,PROCESS,InvalidDataException,"CuentaInteres{cuentaId=147, nombre='Steve Rogers', tipo='-1', saldo=10000}","Cuenta 147 con edad invalida: 150"
taskExecutor-2,PROCESS,InvalidDataException,"CuentaInteres{cuentaId=150, nombre='Jane Smith', tipo='hipoteca', saldo=8000}","Cuenta 150 con edad invalida: 150"
taskExecutor-1,PROCESS,InvalidDataException,"CuentaInteres{cuentaId=123, nombre='Alice Brown', tipo='hipoteca', saldo=null}","Cuenta 123 con saldo no positivo"
taskExecutor-1,PROCESS,InvalidDataException,"CuentaInteres{cuentaId=103, nombre='Alice Brown', tipo='hipoteca', saldo=null}","Cuenta 103 con edad invalida: 150"
taskExecutor-2,PROCESS,InvalidDataException,"CuentaInteres{cuentaId=137, nombre='Jane Smith', tipo='ahorro', saldo=7000}","Cuenta 137 con edad invalida: 150"
taskExecutor-3,PROCESS,InvalidDataException,"CuentaInteres{cuentaId=131, nombre='Charlie Green', tipo='ahorro', saldo=null}","Cuenta 131 con saldo no positivo"
taskExecutor-2,PROCESS,InvalidDataException,"CuentaInteres{cuentaId=145, nombre='Steve Rogers', tipo='-1', saldo=null}","Cuenta 145 con saldo no positivo"
taskExecutor-1,PROCESS,InvalidDataException,"CuentaInteres{cuentaId=140, nombre='John Doe', tipo='-1', saldo=null}","Cuenta 140 con saldo no positivo"
taskExecutor-1,PROCESS,InvalidDataException,"CuentaInteres{cuentaId=120, nombre='Charlie Green', tipo='hipoteca', saldo=7000}","Cuenta incompleta: CuentaInteres{cuentaId=120, nombre='Charlie Green', tipo='hipoteca', saldo=7000}"
taskExecutor-3,PROCESS,InvalidDataException,"CuentaInteres{cuentaId=111, nombre='Alice Brown', tipo='-1', saldo=8000}","Cuenta incompleta: CuentaInteres{cuentaId=111, nombre='Alice Brown', tipo='-1', saldo=8000}"
taskExecutor-2,PROCESS,InvalidDataException,"CuentaInteres{cuentaId=117, nombre='Diana Prince', tipo='hipoteca', saldo=12000}","Cuenta incompleta: CuentaInteres{cuentaId=117, nombre='Diana Prince', tipo='hipoteca', saldo=12000}"
taskExecutor-1,PROCESS,InvalidDataException,"CuentaInteres{cuentaId=132, nombre='Bob Johnson', tipo='-1', saldo=5000}","Cuenta 132 con edad invalida: 150"
taskExecutor-3,PROCESS,InvalidDataException,"CuentaInteres{cuentaId=129, nombre='Steve Rogers', tipo='prestamo', saldo=5000}","Cuenta duplicada: CuentaInteres{cuentaId=129, nombre='Steve Rogers', tipo='prestamo', saldo=5000}"
taskExecutor-1,PROCESS,InvalidDataException,"CuentaInteres{cuentaId=143, nombre='Charlie Green', tipo='ahorro', saldo=5000}","Cuenta duplicada: CuentaInteres{cuentaId=143, nombre='Charlie Green', tipo='ahorro', saldo=5000}"
taskExecutor-1,PROCESS,InvalidDataException,"CuentaInteres{cuentaId=123, nombre='Steve Rogers', tipo='prestamo', saldo=null}","Cuenta incompleta: CuentaInteres{cuentaId=123, nombre='Steve Rogers', tipo='prestamo', saldo=null}"
taskExecutor-2,PROCESS,InvalidDataException,"CuentaInteres{cuentaId=131, nombre='Bob Johnson', tipo='-1', saldo=10000}","Cuenta incompleta: CuentaInteres{cuentaId=131, nombre='Bob Johnson', tipo='-1', saldo=10000}"
taskExecutor-1,PROCESS,InvalidDataException,"CuentaInteres{cuentaId=144, nombre='Alice Brown', tipo='ahorro', saldo=8000}","Cuenta duplicada: CuentaInteres{cuentaId=144, nombre='Alice Brown', tipo='ahorro', saldo=8000}"
taskExecutor-3,PROCESS,InvalidDataException,"CuentaInteres{cuentaId=121, nombre='Charlie Green', tipo='prestamo', saldo=null}","Cuenta 121 con saldo no positivo"
taskExecutor-2,PROCESS,InvalidDataException,"CuentaInteres{cuentaId=132, nombre='Unknown', tipo='prestamo', saldo=12000}","Cuenta incompleta: CuentaInteres{cuentaId=132, nombre='Unknown', tipo='prestamo', saldo=12000}"
taskExecutor-2,PROCESS,InvalidDataException,"CuentaInteres{cuentaId=146, nombre='Bob Johnson', tipo='-1', saldo=null}","Cuenta 146 con saldo no positivo"
taskExecutor-2,PROCESS,InvalidDataException,"CuentaInteres{cuentaId=137, nombre='Alice Brown', tipo='-1', saldo=8000}","Cuenta incompleta: CuentaInteres{cuentaId=137, nombre='Alice Brown', tipo='-1', saldo=8000}"
taskExecutor-2,PROCESS,InvalidDataException,"CuentaInteres{cuentaId=109, nombre='Unknown', tipo='-1', saldo=null}","Cuenta 109 con saldo no positivo"
taskExecutor-3,PROCESS,InvalidDataException,"CuentaInteres{cuentaId=135, nombre='Diana Prince', tipo='prestamo', saldo=8000}","Cuenta duplicada: CuentaInteres{cuentaId=135, nombre='Diana Prince', tipo='prestamo', saldo=8000}"
taskExecutor-1,PROCESS,InvalidDataException,"CuentaInteres{cuentaId=123, nombre='Bob Johnson', tipo='ahorro', saldo=10000}","Cuenta incompleta: CuentaInteres{cuentaId=123, nombre='Bob Johnson', tipo='ahorro', saldo=10000}"
taskExecutor-3,PROCESS,InvalidDataException,"CuentaInteres{cuentaId=129, nombre='Steve Rogers', tipo='prestamo', saldo=10000}","Cuenta incompleta: CuentaInteres{cuentaId=129, nombre='Steve Rogers', tipo='prestamo', saldo=10000}"
taskExecutor-2,PROCESS,InvalidDataException,"CuentaInteres{cuentaId=118, nombre='John Doe', tipo='hipoteca', saldo=null}","Cuenta 118 con saldo no positivo"
taskExecutor-3,PROCESS,InvalidDataException,"CuentaInteres{cuentaId=122, nombre='Diana Prince', tipo='ahorro', saldo=10000}","Cuenta duplicada: CuentaInteres{cuentaId=122, nombre='Diana Prince', tipo='ahorro', saldo=10000}"
taskExecutor-1,PROCESS,InvalidDataException,"CuentaInteres{cuentaId=119, nombre='Steve Rogers', tipo='prestamo', saldo=8000}","Cuenta duplicada: CuentaInteres{cuentaId=119, nombre='Steve Rogers', tipo='prestamo', saldo=8000}"
taskExecutor-3,PROCESS,InvalidDataException,"CuentaInteres{cuentaId=133, nombre='Jane Smith', tipo='prestamo', saldo=12000}","Cuenta duplicada: CuentaInteres{cuentaId=133, nombre='Jane Smith', tipo='prestamo', saldo=12000}"
taskExecutor-2,PROCESS,InvalidDataException,"CuentaInteres{cuentaId=121, nombre='John Doe', tipo='ahorro', saldo=null}","Cuenta 121 con saldo no positivo"
taskExecutor-3,PROCESS,InvalidDataException,"CuentaInteres{cuentaId=141, nombre='Jane Smith', tipo='prestamo', saldo=12000}","Cuenta duplicada: CuentaInteres{cuentaId=141, nombre='Jane Smith', tipo='prestamo', saldo=12000}"
taskExecutor-1,PROCESS,InvalidDataException,"CuentaInteres{cuentaId=104, nombre='Jane Smith', tipo='hipoteca', saldo=10000}","Cuenta incompleta: CuentaInteres{cuentaId=104, nombre='Jane Smith', tipo='hipoteca', saldo=10000}"
taskExecutor-3,PROCESS,InvalidDataException,"CuentaInteres{cuentaId=115, nombre='Alice Brown', tipo='prestamo', saldo=12000}","Cuenta 115 con edad invalida: 150"
taskExecutor-2,PROCESS,InvalidDataException,"CuentaInteres{cuentaId=105, nombre='Bob Johnson', tipo='ahorro', saldo=8000}","Cuenta duplicada: CuentaInteres{cuentaId=105, nombre='Bob Johnson', tipo='ahorro', saldo=8000}"
taskExecutor-1,PROCESS,InvalidDataException,"CuentaInteres{cuentaId=110, nombre='Charlie Green', tipo='prestamo', saldo=8000}","Cuenta incompleta: CuentaInteres{cuentaId=110, nombre='Charlie Green', tipo='prestamo', saldo=8000}"
taskExecutor-3,PROCESS,InvalidDataException,"CuentaInteres{cuentaId=101, nombre='Bob Johnson', tipo='prestamo', saldo=null}","Cuenta 101 con saldo no positivo"
taskExecutor-2,PROCESS,InvalidDataException,"CuentaInteres{cuentaId=119, nombre='John Doe', tipo='ahorro', saldo=8000}","Cuenta incompleta: CuentaInteres{cuentaId=119, nombre='John Doe', tipo='ahorro', saldo=8000}"
taskExecutor-3,PROCESS,InvalidDataException,"CuentaInteres{cuentaId=138, nombre='Charlie Green', tipo='hipoteca', saldo=12000}","Cuenta incompleta: CuentaInteres{cuentaId=138, nombre='Charlie Green', tipo='hipoteca', saldo=12000}"
taskExecutor-1,PROCESS,InvalidDataException,"CuentaInteres{cuentaId=109, nombre='Steve Rogers', tipo='prestamo', saldo=5000}","Cuenta duplicada: CuentaInteres{cuentaId=109, nombre='Steve Rogers', tipo='prestamo', saldo=5000}"
taskExecutor-3,PROCESS,InvalidDataException,"CuentaInteres{cuentaId=146, nombre='Steve Rogers', tipo='-1', saldo=10000}","Cuenta incompleta: CuentaInteres{cuentaId=146, nombre='Steve Rogers', tipo='-1', saldo=10000}"
taskExecutor-2,PROCESS,InvalidDataException,"CuentaInteres{cuentaId=122, nombre='Diana Prince', tipo='ahorro', saldo=7000}","Cuenta incompleta: CuentaInteres{cuentaId=122, nombre='Diana Prince', tipo='ahorro', saldo=7000}"
taskExecutor-3,PROCESS,InvalidDataException,"CuentaInteres{cuentaId=109, nombre='Bob Johnson', tipo='-1', saldo=10000}","Cuenta incompleta: CuentaInteres{cuentaId=109, nombre='Bob Johnson', tipo='-1', saldo=10000}"
taskExecutor-1,PROCESS,InvalidDataException,"CuentaInteres{cuentaId=145, nombre='Steve Rogers', tipo='prestamo', saldo=null}","Cuenta incompleta: CuentaInteres{cuentaId=145, nombre='Steve Rogers', tipo='prestamo', saldo=null}"
taskExecutor-3,PROCESS,InvalidDataException,"CuentaInteres{cuentaId=142, nombre='Bob Johnson', tipo='prestamo', saldo=null}","Cuenta 142 con saldo no positivo"
taskExecutor-2,PROCESS,InvalidDataException,"CuentaInteres{cuentaId=113, nombre='John Doe', tipo='ahorro', saldo=12000}","Cuenta incompleta: CuentaInteres{cuentaId=113, nombre='John Doe', tipo='ahorro', saldo=12000}"
taskExecutor-2,PROCESS,InvalidDataException,"CuentaInteres{cuentaId=111, nombre='Steve Rogers', tipo='hipoteca', saldo=null}","Cuenta incompleta: CuentaInteres{cuentaId=111, nombre='Steve Rogers', tipo='hipoteca', saldo=null}"
taskExecutor-3,PROCESS,InvalidDataException,"CuentaInteres{cuentaId=110, nombre='Unknown', tipo='-1', saldo=10000}","Cuenta incompleta: CuentaInteres{cuentaId=110, nombre='Unknown', tipo='-1', saldo=10000}"
taskExecutor-1,PROCESS,InvalidDataException,"CuentaInteres{cuentaId=109, nombre='Steve Rogers', tipo='prestamo', saldo=10000}","Cuenta incompleta: CuentaInteres{cuentaId=109, nombre='Steve Rogers', tipo='prestamo', saldo=10000}"
taskExecutor-3,PROCESS,InvalidDataException,"CuentaInteres{cuentaId=104, nombre='Bob Johnson', tipo='prestamo', saldo=10000}","Cuenta duplicada: CuentaInteres{cuentaId=104, nombre='Bob Johnson', tipo='prestamo', saldo=10000}"
taskExecutor-3,PROCESS,InvalidDataException,"CuentaInteres{cuentaId=125, nombre='John Doe', tipo='prestamo', saldo=7000}","Cuenta duplicada: CuentaInteres{cuentaId=125, nombre='John Doe', tipo='prestamo', saldo=7000}"
taskExecutor-2,PROCESS,InvalidDataException,"CuentaInteres{cuentaId=114, nombre='Diana Prince', tipo='ahorro', saldo=null}","Cuenta incompleta: CuentaInteres{cuentaId=114, nombre='Diana Prince', tipo='ahorro', saldo=null}"
taskExecutor-3,PROCESS,InvalidDataException,"CuentaInteres{cuentaId=147, nombre='Bob Johnson', tipo='-1', saldo=5000}","Cuenta incompleta: CuentaInteres{cuentaId=147, nombre='Bob Johnson', tipo='-1', saldo=5000}"
taskExecutor-1,PROCESS,InvalidDataException,"CuentaInteres{cuentaId=145, nombre='Alice Brown', tipo='ahorro', saldo=7000}","Cuenta incompleta: CuentaInteres{cuentaId=145, nombre='Alice Brown', tipo='ahorro', saldo=7000}"
taskExecutor-3,PROCESS,InvalidDataException,"CuentaInteres{cuentaId=111, nombre='Jane Smith', tipo='prestamo', saldo=null}","Cuenta incompleta: CuentaInteres{cuentaId=111, nombre='Jane Smith', tipo='prestamo', saldo=null}"
taskExecutor-3,PROCESS,InvalidDataException,"CuentaInteres{cuentaId=123, nombre='Diana Prince', tipo='ahorro', saldo=null}","Cuenta 123 con saldo no positivo"
taskExecutor-3,PROCESS,InvalidDataException,"CuentaInteres{cuentaId=137, nombre='Diana Prince', tipo='hipoteca', saldo=10000}","Cuenta incompleta: CuentaInteres{cuentaId=137, nombre='Diana Prince', tipo='hipoteca', saldo=10000}"
taskExecutor-2,PROCESS,InvalidDataException,"CuentaInteres{cuentaId=150, nombre='Alice Brown', tipo='ahorro', saldo=7000}","Cuenta duplicada: CuentaInteres{cuentaId=150, nombre='Alice Brown', tipo='ahorro', saldo=7000}"
taskExecutor-2,PROCESS,InvalidDataException,"CuentaInteres{cuentaId=103, nombre='John Doe', tipo='prestamo', saldo=5000}","Cuenta incompleta: CuentaInteres{cuentaId=103, nombre='John Doe', tipo='prestamo', saldo=5000}"
taskExecutor-3,PROCESS,InvalidDataException,"CuentaInteres{cuentaId=106, nombre='Steve Rogers', tipo='ahorro', saldo=null}","Cuenta 106 con saldo no positivo"
taskExecutor-1,PROCESS,InvalidDataException,"CuentaInteres{cuentaId=148, nombre='Alice Brown', tipo='hipoteca', saldo=7000}","Cuenta incompleta: CuentaInteres{cuentaId=148, nombre='Alice Brown', tipo='hipoteca', saldo=7000}"
taskExecutor-2,PROCESS,InvalidDataException,"CuentaInteres{cuentaId=124, nombre='John Doe', tipo='hipoteca', saldo=7000}","Cuenta incompleta: CuentaInteres{cuentaId=124, nombre='John Doe', tipo='hipoteca', saldo=7000}"
taskExecutor-2,PROCESS,InvalidDataException,"CuentaInteres{cuentaId=140, nombre='Alice Brown', tipo='prestamo', saldo=5000}","Cuenta duplicada: CuentaInteres{cuentaId=140, nombre='Alice Brown', tipo='prestamo', saldo=5000}"
taskExecutor-2,PROCESS,InvalidDataException,"CuentaInteres{cuentaId=128, nombre='Diana Prince', tipo='hipoteca', saldo=null}","Cuenta 128 con saldo no positivo"
taskExecutor-3,PROCESS,InvalidDataException,"CuentaInteres{cuentaId=105, nombre='John Doe', tipo='-1', saldo=null}","Cuenta 105 con saldo no positivo"
taskExecutor-2,PROCESS,InvalidDataException,"CuentaInteres{cuentaId=133, nombre='Alice Brown', tipo='hipoteca', saldo=null}","Cuenta incompleta: CuentaInteres{cuentaId=133, nombre='Alice Brown', tipo='hipoteca', saldo=null}"
taskExecutor-1,PROCESS,InvalidDataException,"CuentaInteres{cuentaId=103, nombre='Bob Johnson', tipo='-1', saldo=10000}","Cuenta incompleta: CuentaInteres{cuentaId=103, nombre='Bob Johnson', tipo='-1', saldo=10000}"
taskExecutor-2,PROCESS,InvalidDataException,"CuentaInteres{cuentaId=138, nombre='Alice Brown', tipo='prestamo', saldo=8000}","Cuenta duplicada: CuentaInteres{cuentaId=138, nombre='Alice Brown', tipo='prestamo', saldo=8000}"
taskExecutor-3,PROCESS,InvalidDataException,"CuentaInteres{cuentaId=114, nombre='Jane Smith', tipo='hipoteca', saldo=null}","Cuenta 114 con edad invalida: 150"
taskExecutor-1,PROCESS,InvalidDataException,"CuentaInteres{cuentaId=137, nombre='Alice Brown', tipo='ahorro', saldo=null}","Cuenta 137 con saldo no positivo"
taskExecutor-2,PROCESS,InvalidDataException,"CuentaInteres{cuentaId=143, nombre='Diana Prince', tipo='unknown', saldo=null}","Cuenta 143 con saldo no positivo"
taskExecutor-3,PROCESS,InvalidDataException,"CuentaInteres{cuentaId=118, nombre='Steve Rogers', tipo='ahorro', saldo=null}","Cuenta 118 con saldo no positivo"
taskExecutor-2,PROCESS,InvalidDataException,"CuentaInteres{cuentaId=116, nombre='Diana Prince', tipo='hipoteca', saldo=null}","Cuenta 116 con saldo no positivo"
taskExecutor-1,PROCESS,InvalidDataException,"CuentaInteres{cuentaId=140, nombre='Alice Brown', tipo='hipoteca', saldo=7000}","Cuenta incompleta: CuentaInteres{cuentaId=140, nombre='Alice Brown', tipo='hipoteca', saldo=7000}"
taskExecutor-2,PROCESS,InvalidDataException,"CuentaInteres{cuentaId=107, nombre='Alice Brown', tipo='hipoteca', saldo=10000}","Cuenta incompleta: CuentaInteres{cuentaId=107, nombre='Alice Brown', tipo='hipoteca', saldo=10000}"
taskExecutor-3,PROCESS,InvalidDataException,"CuentaInteres{cuentaId=119, nombre='Jane Smith', tipo='prestamo', saldo=null}","Cuenta 119 con saldo no positivo"
taskExecutor-2,PROCESS,InvalidDataException,"CuentaInteres{cuentaId=111, nombre='John Doe', tipo='ahorro', saldo=null}","Cuenta incompleta: CuentaInteres{cuentaId=111, nombre='John Doe', tipo='ahorro', saldo=null}"
taskExecutor-1,PROCESS,InvalidDataException,"CuentaInteres{cuentaId=140, nombre='John Doe', tipo='-1', saldo=null}","Cuenta 140 con saldo no positivo"
taskExecutor-2,PROCESS,InvalidDataException,"CuentaInteres{cuentaId=116, nombre='Bob Johnson', tipo='-1', saldo=null}","Cuenta 116 con saldo no positivo"
taskExecutor-2,PROCESS,InvalidDataException,"CuentaInteres{cuentaId=133, nombre='John Doe', tipo='ahorro', saldo=null}","Cuenta 133 con saldo no positivo"
taskExecutor-3,PROCESS,InvalidDataException,"CuentaInteres{cuentaId=138, nombre='Steve Rogers', tipo='hipoteca', saldo=5000}","Cuenta incompleta: CuentaInteres{cuentaId=138, nombre='Steve Rogers', tipo='hipoteca', saldo=5000}"
taskExecutor-2,PROCESS,InvalidDataException,"CuentaInteres{cuentaId=109, nombre='Diana Prince', tipo='hipoteca', saldo=null}","Cuenta incompleta: CuentaInteres{cuentaId=109, nombre='Diana Prince', tipo='hipoteca', saldo=null}"
taskExecutor-1,PROCESS,InvalidDataException,"CuentaInteres{cuentaId=142, nombre='Alice Brown', tipo='prestamo', saldo=null}","Cuenta 142 con saldo no positivo"
taskExecutor-2,PROCESS,InvalidDataException,"CuentaInteres{cuentaId=135, nombre='John Doe', tipo='-1', saldo=10000}","Cuenta incompleta: CuentaInteres{cuentaId=135, nombre='John Doe', tipo='-1', saldo=10000}"
taskExecutor-2,PROCESS,InvalidDataException,"CuentaInteres{cuentaId=102, nombre='Jane Smith', tipo='prestamo', saldo=5000}","Cuenta duplicada: CuentaInteres{cuentaId=102, nombre='Jane Smith', tipo='prestamo', saldo=5000}"
taskExecutor-3,PROCESS,InvalidDataException,"CuentaInteres{cuentaId=135, nombre='Alice Brown', tipo='prestamo', saldo=null}","Cuenta 135 con saldo no positivo"
taskExecutor-2,PROCESS,InvalidDataException,"CuentaInteres{cuentaId=110, nombre='Steve Rogers', tipo='hipoteca', saldo=null}","Cuenta incompleta: CuentaInteres{cuentaId=110, nombre='Steve Rogers', tipo='hipoteca', saldo=null}"
taskExecutor-1,PROCESS,InvalidDataException,"CuentaInteres{cuentaId=112, nombre='John Doe', tipo='ahorro', saldo=12000}","Cuenta incompleta: CuentaInteres{cuentaId=112, nombre='John Doe', tipo='ahorro', saldo=12000}"
taskExecutor-2,PROCESS,InvalidDataException,"CuentaInteres{cuentaId=112, nombre='Jane Smith', tipo='ahorro', saldo=10000}","Cuenta incompleta: CuentaInteres{cuentaId=112, nombre='Jane Smith', tipo='ahorro', saldo=10000}"
taskExecutor-3,PROCESS,InvalidDataException,"CuentaInteres{cuentaId=112, nombre='Steve Rogers', tipo='prestamo', saldo=null}","Cuenta 112 con saldo no positivo"
taskExecutor-2,PROCESS,InvalidDataException,"CuentaInteres{cuentaId=104, nombre='Jane Smith', tipo='-1', saldo=8000}","Cuenta incompleta: CuentaInteres{cuentaId=104, nombre='Jane Smith', tipo='-1', saldo=8000}"
taskExecutor-1,PROCESS,InvalidDataException,"CuentaInteres{cuentaId=150, nombre='Jane Smith', tipo='-1', saldo=8000}","Cuenta incompleta: CuentaInteres{cuentaId=150, nombre='Jane Smith', tipo='-1', saldo=8000}"
taskExecutor-1,PROCESS,InvalidDataException,"CuentaInteres{cuentaId=127, nombre='Steve Rogers', tipo='prestamo', saldo=null}","Cuenta incompleta: CuentaInteres{cuentaId=127, nombre='Steve Rogers', tipo='prestamo', saldo=null}"
taskExecutor-2,PROCESS,InvalidDataException,"CuentaInteres{cuentaId=120, nombre='Steve Rogers', tipo='prestamo', saldo=null}","Cuenta 120 con saldo no positivo"
taskExecutor-3,PROCESS,InvalidDataException,"CuentaInteres{cuentaId=125, nombre='Bob Johnson', tipo='prestamo', saldo=7000}","Cuenta 125 con edad invalida: 150"
taskExecutor-2,PROCESS,InvalidDataException,"CuentaInteres{cuentaId=126, nombre='Alice Brown', tipo='prestamo', saldo=8000}","Cuenta incompleta: CuentaInteres{cuentaId=126, nombre='Alice Brown', tipo='prestamo', saldo=8000}"
taskExecutor-1,PROCESS,InvalidDataException,"CuentaInteres{cuentaId=126, nombre='Diana Prince', tipo='prestamo', saldo=null}","Cuenta 126 con saldo no positivo"
taskExecutor-1,PROCESS,InvalidDataException,"CuentaInteres{cuentaId=118, nombre='Bob Johnson', tipo='ahorro', saldo=8000}","Cuenta incompleta: CuentaInteres{cuentaId=118, nombre='Bob Johnson', tipo='ahorro', saldo=8000}"
taskExecutor-2,PROCESS,InvalidDataException,"CuentaInteres{cuentaId=124, nombre='Steve Rogers', tipo='-1', saldo=null}","Cuenta 124 con saldo no positivo"
taskExecutor-3,PROCESS,InvalidDataException,"CuentaInteres{cuentaId=131, nombre='Bob Johnson', tipo='-1', saldo=10000}","Cuenta 131 con edad invalida: 150"
taskExecutor-2,PROCESS,InvalidDataException,"CuentaInteres{cuentaId=127, nombre='Charlie Green', tipo='ahorro', saldo=5000}","Cuenta 127 con edad invalida: 150"
taskExecutor-1,PROCESS,InvalidDataException,"CuentaInteres{cuentaId=114, nombre='Alice Brown', tipo='-1', saldo=null}","Cuenta incompleta: CuentaInteres{cuentaId=114, nombre='Alice Brown', tipo='-1', saldo=null}"
taskExecutor-1,PROCESS,InvalidDataException,"CuentaInteres{cuentaId=114, nombre='Charlie Green', tipo='hipoteca', saldo=10000}","Cuenta 114 con edad invalida: 150"
taskExecutor-2,PROCESS,InvalidDataException,"CuentaInteres{cuentaId=114, nombre='Steve Rogers', tipo='unknown', saldo=null}","Cuenta 114 con saldo no positivo"
taskExecutor-2,PROCESS,InvalidDataException,"CuentaInteres{cuentaId=111, nombre='Bob Johnson', tipo='prestamo', saldo=null}","Cuenta incompleta: CuentaInteres{cuentaId=111, nombre='Bob Johnson', tipo='prestamo', saldo=null}"
taskExecutor-3,PROCESS,InvalidDataException,"CuentaInteres{cuentaId=126, nombre='John Doe', tipo='-1', saldo=10000}","Cuenta incompleta: CuentaInteres{cuentaId=126, nombre='John Doe', tipo='-1', saldo=10000}"
taskExecutor-2,PROCESS,InvalidDataException,"CuentaInteres{cuentaId=147, nombre='Charlie Green', tipo='hipoteca', saldo=10000}","Cuenta 147 con edad invalida: 150"
taskExecutor-2,PROCESS,InvalidDataException,"CuentaInteres{cuentaId=104, nombre='Diana Prince', tipo='ahorro', saldo=null}","Cuenta 104 con saldo no positivo"
taskExecutor-1,PROCESS,InvalidDataException,"CuentaInteres{cuentaId=110, nombre='Steve Rogers', tipo='prestamo', saldo=8000}","Cuenta duplicada: CuentaInteres{cuentaId=110, nombre='Steve Rogers', tipo='prestamo', saldo=8000}"
taskExecutor-2,PROCESS,InvalidDataException,"CuentaInteres{cuentaId=115, nombre='Diana Prince', tipo='hipoteca', saldo=null}","Cuenta incompleta: CuentaInteres{cuentaId=115, nombre='Diana Prince', tipo='hipoteca', saldo=null}"
taskExecutor-3,PROCESS,InvalidDataException,"CuentaInteres{cuentaId=106, nombre='John Doe', tipo='prestamo', saldo=12000}","Cuenta duplicada: CuentaInteres{cuentaId=106, nombre='John Doe', tipo='prestamo', saldo=12000}"
taskExecutor-2,PROCESS,InvalidDataException,"CuentaInteres{cuentaId=131, nombre='Charlie Green', tipo='-1', saldo=10000}","Cuenta incompleta: CuentaInteres{cuentaId=131, nombre='Charlie Green', tipo='-1', saldo=10000}"
taskExecutor-1,PROCESS,InvalidDataException,"CuentaInteres{cuentaId=140, nombre='Steve Rogers', tipo='ahorro', saldo=12000}","Cuenta incompleta: CuentaInteres{cuentaId=140, nombre='Steve Rogers', tipo='ahorro', saldo=12000}"
taskExecutor-2,PROCESS,InvalidDataException,"CuentaInteres{cuentaId=143, nombre='Bob Johnson', tipo='ahorro', saldo=10000}","Cuenta duplicada: CuentaInteres{cuentaId=143, nombre='Bob Johnson', tipo='ahorro', saldo=10000}"
taskExecutor-2,PROCESS,InvalidDataException,"CuentaInteres{cuentaId=114, nombre='Diana Prince', tipo='prestamo', saldo=null}","Cuenta incompleta: CuentaInteres{cuentaId=114, nombre='Diana Prince', tipo='prestamo', saldo=null}"
taskExecutor-2,PROCESS,InvalidDataException,"CuentaInteres{cuentaId=139, nombre='Steve Rogers', tipo='ahorro', saldo=null}","Cuenta incompleta: CuentaInteres{cuentaId=139, nombre='Steve Rogers', tipo='ahorro', saldo=null}"
taskExecutor-3,PROCESS,InvalidDataException,"CuentaInteres{cuentaId=136, nombre='Bob Johnson', tipo='hipoteca', saldo=null}","Cuenta incompleta: CuentaInteres{cuentaId=136, nombre='Bob Johnson', tipo='hipoteca', saldo=null}"
taskExecutor-3,PROCESS,InvalidDataException,"CuentaInteres{cuentaId=136, nombre='Steve Rogers', tipo='-1', saldo=null}","Cuenta 136 con saldo no positivo"
taskExecutor-3,PROCESS,InvalidDataException,"CuentaInteres{cuentaId=147, nombre='Steve Rogers', tipo='-1', saldo=12000}","Cuenta incompleta: CuentaInteres{cuentaId=147, nombre='Steve Rogers', tipo='-1', saldo=12000}"
taskExecutor-3,PROCESS,InvalidDataException,"CuentaInteres{cuentaId=142, nombre='Charlie Green', tipo='prestamo', saldo=7000}","Cuenta incompleta: CuentaInteres{cuentaId=142, nombre='Charlie Green', tipo='prestamo', saldo=7000}"
taskExecutor-2,PROCESS,InvalidDataException,"CuentaInteres{cuentaId=119, nombre='Steve Rogers', tipo='hipoteca', saldo=5000}","Cuenta incompleta: CuentaInteres{cuentaId=119, nombre='Steve Rogers', tipo='hipoteca', saldo=5000}"
taskExecutor-2,PROCESS,InvalidDataException,"CuentaInteres{cuentaId=104, nombre='Steve Rogers', tipo='-1', saldo=null}","Cuenta 104 con saldo no positivo"
taskExecutor-2,PROCESS,InvalidDataException,"CuentaInteres{cuentaId=128, nombre='John Doe', tipo='prestamo', saldo=8000}","Cuenta 128 con edad invalida: 150"
taskExecutor-1,PROCESS,InvalidDataException,"CuentaInteres{cuentaId=124, nombre='John Doe', tipo='prestamo', saldo=7000}","Cuenta duplicada: CuentaInteres{cuentaId=124, nombre='John Doe', tipo='prestamo', saldo=7000}"
taskExecutor-2,PROCESS,InvalidDataException,"CuentaInteres{cuentaId=120, nombre='Steve Rogers', tipo='ahorro', saldo=7000}","Cuenta duplicada: CuentaInteres{cuentaId=120, nombre='Steve Rogers', tipo='ahorro', saldo=7000}"
taskExecutor-2,PROCESS,InvalidDataException,"CuentaInteres{cuentaId=116, nombre='John Doe', tipo='unknown', saldo=12000}","Cuenta incompleta: CuentaInteres{cuentaId=116, nombre='John Doe', tipo='unknown', saldo=12000}"
taskExecutor-2,PROCESS,InvalidDataException,"CuentaInteres{cuentaId=133, nombre='Steve Rogers', tipo='ahorro', saldo=null}","Cuenta 133 con edad invalida: 150"
taskExecutor-3,PROCESS,InvalidDataException,"CuentaInteres{cuentaId=107, nombre='John Doe', tipo='-1', saldo=null}","Cuenta 107 con saldo no positivo"
taskExecutor-2,PROCESS,InvalidDataException,"CuentaInteres{cuentaId=118, nombre='Charlie Green', tipo='prestamo', saldo=12000}","Cuenta 118 con edad invalida: 150"
taskExecutor-1,PROCESS,InvalidDataException,"CuentaInteres{cuentaId=144, nombre='Charlie Green', tipo='prestamo', saldo=7000}","Cuenta 144 con edad invalida: 150"
taskExecutor-2,PROCESS,InvalidDataException,"CuentaInteres{cuentaId=134, nombre='Alice Brown', tipo='-1', saldo=null}","Cuenta 134 con saldo no positivo"
taskExecutor-3,PROCESS,InvalidDataException,"CuentaInteres{cuentaId=125, nombre='Alice Brown', tipo='prestamo', saldo=null}","Cuenta 125 con saldo no positivo"
taskExecutor-2,PROCESS,InvalidDataException,"CuentaInteres{cuentaId=120, nombre='Charlie Green', tipo='prestamo', saldo=7000}","Cuenta 120 con edad invalida: 150"
taskExecutor-1,PROCESS,InvalidDataException,"CuentaInteres{cuentaId=132, nombre='Alice Brown', tipo='ahorro', saldo=5000}","Cuenta incompleta: CuentaInteres{cuentaId=132, nombre='Alice Brown', tipo='ahorro', saldo=5000}"
taskExecutor-2,PROCESS,InvalidDataException,"CuentaInteres{cuentaId=132, nombre='Alice Brown', tipo='ahorro', saldo=12000}","Cuenta incompleta: CuentaInteres{cuentaId=132, nombre='Alice Brown', tipo='ahorro', saldo=12000}"
taskExecutor-3,PROCESS,InvalidDataException,"CuentaInteres{cuentaId=124, nombre='Jane Smith', tipo='prestamo', saldo=10000}","Cuenta duplicada: CuentaInteres{cuentaId=124, nombre='Jane Smith', tipo='prestamo', saldo=10000}"
taskExecutor-2,PROCESS,InvalidDataException,"CuentaInteres{cuentaId=143, nombre='Alice Brown', tipo='prestamo', saldo=null}","Cuenta 143 con saldo no positivo"
taskExecutor-1,PROCESS,InvalidDataException,"CuentaInteres{cuentaId=122, nombre='Jane Smith', tipo='-1', saldo=null}","Cuenta 122 con saldo no positivo"
taskExecutor-2,PROCESS,InvalidDataException,"CuentaInteres{cuentaId=104, nombre='Steve Rogers', tipo='-1', saldo=null}","Cuenta 104 con saldo no positivo"
taskExecutor-3,PROCESS,InvalidDataException,"CuentaInteres{cuentaId=122, nombre='Jane Smith', tipo='hipoteca', saldo=null}","Cuenta 122 con saldo no positivo"
taskExecutor-2,PROCESS,InvalidDataException,"CuentaInteres{cuentaId=141, nombre='Jane Smith', tipo='prestamo', saldo=null}","Cuenta 141 con saldo no positivo"
taskExecutor-1,PROCESS,InvalidDataException,"CuentaInteres{cuentaId=129, nombre='Unknown', tipo='-1', saldo=null}","Cuenta 129 con saldo no positivo"
taskExecutor-2,PROCESS,InvalidDataException,"CuentaInteres{cuentaId=112, nombre='Diana Prince', tipo='-1', saldo=10000}","Cuenta incompleta: CuentaInteres{cuentaId=112, nombre='Diana Prince', tipo='-1', saldo=10000}"
taskExecutor-3,PROCESS,InvalidDataException,"CuentaInteres{cuentaId=103, nombre='Bob Johnson', tipo='prestamo', saldo=7000}","Cuenta incompleta: CuentaInteres{cuentaId=103, nombre='Bob Johnson', tipo='prestamo', saldo=7000}"
taskExecutor-2,PROCESS,InvalidDataException,"CuentaInteres{cuentaId=142, nombre='Bob Johnson', tipo='hipoteca', saldo=null}","Cuenta 142 con saldo no positivo"
taskExecutor-2,PROCESS,InvalidDataException,"CuentaInteres{cuentaId=131, nombre='Steve Rogers', tipo='-1', saldo=null}","Cuenta 131 con saldo no positivo"
taskExecutor-1,PROCESS,InvalidDataException,"CuentaInteres{cuentaId=117, nombre='Steve Rogers', tipo='hipoteca', saldo=10000}","Cuenta incompleta: CuentaInteres{cuentaId=117, nombre='Steve Rogers', tipo='hipoteca', saldo=10000}"
taskExecutor-2,PROCESS,InvalidDataException,"CuentaInteres{cuentaId=102, nombre='John Doe', tipo='-1', saldo=12000}","Cuenta incompleta: CuentaInteres{cuentaId=102, nombre='John Doe', tipo='-1', saldo=12000}"
taskExecutor-3,PROCESS,InvalidDataException,"CuentaInteres{cuentaId=111, nombre='John Doe', tipo='prestamo', saldo=12000}","Cuenta duplicada: CuentaInteres{cuentaId=111, nombre='John Doe', tipo='prestamo', saldo=12000}"
taskExecutor-1,PROCESS,InvalidDataException,"CuentaInteres{cuentaId=126, nombre='Jane Smith', tipo='ahorro', saldo=7000}","Cuenta duplicada: CuentaInteres{cuentaId=126, nombre='Jane Smith', tipo='ahorro', saldo=7000}"
taskExecutor-2,PROCESS,InvalidDataException,"CuentaInteres{cuentaId=137, nombre='Alice Brown', tipo='-1', saldo=null}","Cuenta 137 con saldo no positivo"
taskExecutor-3,PROCESS,InvalidDataException,"CuentaInteres{cuentaId=121, nombre='Bob Johnson', tipo='prestamo', saldo=null}","Cuenta 121 con saldo no positivo"
taskExecutor-2,PROCESS,InvalidDataException,"CuentaInteres{cuentaId=143, nombre='Unknown', tipo='ahorro', saldo=7000}","Cuenta incompleta: CuentaInteres{cuentaId=143, nombre='Unknown', tipo='ahorro', saldo=7000}"
taskExecutor-1,PROCESS,InvalidDataException,"CuentaInteres{cuentaId=101, nombre='Diana Prince', tipo='prestamo', saldo=12000}","Cuenta duplicada: CuentaInteres{cuentaId=101, nombre='Diana Prince', tipo='prestamo', saldo=12000}"
taskExecutor-2,PROCESS,InvalidDataException,"CuentaInteres{cuentaId=140, nombre='Steve Rogers', tipo='prestamo', saldo=5000}","Cuenta 140 con edad invalida: 150"
taskExecutor-3,PROCESS,InvalidDataException,"CuentaInteres{cuentaId=108, nombre='Diana Prince', tipo='ahorro', saldo=10000}","Cuenta duplicada: CuentaInteres{cuentaId=108, nombre='Diana Prince', tipo='ahorro', saldo=10000}"
taskExecutor-3,PROCESS,InvalidDataException,"CuentaInteres{cuentaId=141, nombre='Steve Rogers', tipo='-1', saldo=null}","Cuenta 141 con saldo no positivo"
taskExecutor-2,PROCESS,InvalidDataException,"CuentaInteres{cuentaId=143, nombre='Alice Brown', tipo='ahorro', saldo=8000}","Cuenta duplicada: CuentaInteres{cuentaId=143, nombre='Alice Brown', tipo='ahorro', saldo=8000}"
taskExecutor-1,PROCESS,InvalidDataException,"CuentaInteres{cuentaId=147, nombre='John Doe', tipo='hipoteca', saldo=null}","Cuenta 147 con saldo no positivo"
taskExecutor-2,PROCESS,InvalidDataException,"CuentaInteres{cuentaId=129, nombre='Jane Smith', tipo='prestamo', saldo=10000}","Cuenta duplicada: CuentaInteres{cuentaId=129, nombre='Jane Smith', tipo='prestamo', saldo=10000}"
taskExecutor-3,PROCESS,InvalidDataException,"CuentaInteres{cuentaId=142, nombre='Diana Prince', tipo='prestamo', saldo=8000}","Cuenta incompleta: CuentaInteres{cuentaId=142, nombre='Diana Prince', tipo='prestamo', saldo=8000}"
taskExecutor-2,PROCESS,InvalidDataException,"CuentaInteres{cuentaId=118, nombre='John Doe', tipo='hipoteca', saldo=12000}","Cuenta incompleta: CuentaInteres{cuentaId=118, nombre='John Doe', tipo='hipoteca', saldo=12000}"
taskExecutor-3,PROCESS,InvalidDataException,"CuentaInteres{cuentaId=134, nombre='Diana Prince', tipo='hipoteca', saldo=null}","Cuenta 134 con saldo no positivo"
taskExecutor-1,PROCESS,InvalidDataException,"CuentaInteres{cuentaId=144, nombre='John Doe', tipo='prestamo', saldo=null}","Cuenta incompleta: CuentaInteres{cuentaId=144, nombre='John Doe', tipo='prestamo', saldo=null}"
taskExecutor-3,PROCESS,InvalidDataException,"CuentaInteres{cuentaId=115, nombre='Bob Johnson', tipo='prestamo', saldo=null}","Cuenta 115 con saldo no positivo"
taskExecutor-2,PROCESS,InvalidDataException,"CuentaInteres{cuentaId=104, nombre='Jane Smith', tipo='unknown', saldo=null}","Cuenta 104 con saldo no positivo"
taskExecutor-3,PROCESS,InvalidDataException,"CuentaInteres{cuentaId=140, nombre='John Doe', tipo='prestamo', saldo=7000}","Cuenta duplicada: CuentaInteres{cuentaId=140, nombre='John Doe', tipo='prestamo', saldo=7000}"
taskExecutor-1,PROCESS,InvalidDataException,"CuentaInteres{cuentaId=123, nombre='Steve Rogers', tipo='-1', saldo=null}","Cuenta incompleta: CuentaInteres{cuentaId=123, nombre='Steve Rogers', tipo='-1', saldo=null}"
taskExecutor-3,PROCESS,InvalidDataException,"CuentaInteres{cuentaId=108, nombre='Jane Smith', tipo='ahorro', saldo=null}","Cuenta 108 con saldo no positivo"
taskExecutor-2,PROCESS,InvalidDataException,"CuentaInteres{cuentaId=130, nombre='Steve Rogers', tipo='-1', saldo=null}","Cuenta 130 con saldo no positivo"
taskExecutor-1,PROCESS,InvalidDataException,"CuentaInteres{cuentaId=122, nombre='Charlie Green', tipo='prestamo', saldo=5000}","Cuenta incompleta: CuentaInteres{cuentaId=122, nombre='Charlie Green', tipo='prestamo', saldo=5000}"
taskExecutor-3,PROCESS,InvalidDataException,"CuentaInteres{cuentaId=132, nombre='Unknown', tipo='-1', saldo=5000}","Cuenta incompleta: CuentaInteres{cuentaId=132, nombre='Unknown', tipo='-1', saldo=5000}"
taskExecutor-2,PROCESS,InvalidDataException,"CuentaInteres{cuentaId=120, nombre='Jane Smith', tipo='ahorro', saldo=null}","Cuenta 120 con saldo no positivo"
taskExecutor-3,PROCESS,InvalidDataException,"CuentaInteres{cuentaId=108, nombre='Charlie Green', tipo='prestamo', saldo=8000}","Cuenta incompleta: CuentaInteres{cuentaId=108, nombre='Charlie Green', tipo='prestamo', saldo=8000}"
taskExecutor-1,PROCESS,InvalidDataException,"CuentaInteres{cuentaId=106, nombre='Diana Prince', tipo='prestamo', saldo=null}","Cuenta 106 con saldo no positivo"
taskExecutor-3,PROCESS,InvalidDataException,"CuentaInteres{cuentaId=132, nombre='Bob Johnson', tipo='ahorro', saldo=5000}","Cuenta duplicada: CuentaInteres{cuentaId=132, nombre='Bob Johnson', tipo='ahorro', saldo=5000}"
taskExecutor-2,PROCESS,InvalidDataException,"CuentaInteres{cuentaId=119, nombre='Unknown', tipo='ahorro', saldo=5000}","Cuenta incompleta: CuentaInteres{cuentaId=119, nombre='Unknown', tipo='ahorro', saldo=5000}"
taskExecutor-3,PROCESS,InvalidDataException,"CuentaInteres{cuentaId=104, nombre='Bob Johnson', tipo='prestamo', saldo=null}","Cuenta incompleta: CuentaInteres{cuentaId=104, nombre='Bob Johnson', tipo='prestamo', saldo=null}"
taskExecutor-1,PROCESS,InvalidDataException,"CuentaInteres{cuentaId=134, nombre='Diana Prince', tipo='prestamo', saldo=12000}","Cuenta duplicada: CuentaInteres{cuentaId=134, nombre='Diana Prince', tipo='prestamo', saldo=12000}"
taskExecutor-3,PROCESS,InvalidDataException,"CuentaInteres{cuentaId=129, nombre='Bob Johnson', tipo='ahorro', saldo=7000}","Cuenta incompleta: CuentaInteres{cuentaId=129, nombre='Bob Johnson', tipo='ahorro', saldo=7000}"
taskExecutor-2,PROCESS,InvalidDataException,"CuentaInteres{cuentaId=125, nombre='John Doe', tipo='ahorro', saldo=null}","Cuenta 125 con saldo no positivo"
taskExecutor-1,PROCESS,InvalidDataException,"CuentaInteres{cuentaId=125, nombre='Steve Rogers', tipo='ahorro', saldo=null}","Cuenta 125 con saldo no positivo"
taskExecutor-3,PROCESS,InvalidDataException,"CuentaInteres{cuentaId=141, nombre='Alice Brown', tipo='prestamo', saldo=8000}","Cuenta duplicada: CuentaInteres{cuentaId=141, nombre='Alice Brown', tipo='prestamo', saldo=8000}"
taskExecutor-1,PROCESS,InvalidDataException,"CuentaInteres{cuentaId=110, nombre='Jane Smith', tipo='ahorro', saldo=7000}","Cuenta duplicada: CuentaInteres{cuentaId=110, nombre='Jane Smith', tipo='ahorro', saldo=7000}"
taskExecutor-2,PROCESS,InvalidDataException,"CuentaInteres{cuentaId=140, nombre='Diana Prince', tipo='-1', saldo=7000}","Cuenta 140 con edad invalida: 150"
taskExecutor-1,PROCESS,InvalidDataException,"CuentaInteres{cuentaId=115, nombre='Alice Brown', tipo='ahorro', saldo=7000}","Cuenta incompleta: CuentaInteres{cuentaId=115, nombre='Alice Brown', tipo='ahorro', saldo=7000}"
taskExecutor-3,PROCESS,InvalidDataException,"CuentaInteres{cuentaId=123, nombre='Charlie Green', tipo='prestamo', saldo=null}","Cuenta incompleta: CuentaInteres{cuentaId=123, nombre='Charlie Green', tipo='prestamo', saldo=null}"
taskExecutor-1,PROCESS,InvalidDataException,"CuentaInteres{cuentaId=103, nombre='Charlie Green', tipo='hipoteca', saldo=null}","Cuenta 103 con saldo no positivo"
taskExecutor-2,PROCESS,InvalidDataException,"CuentaInteres{cuentaId=138, nombre='Unknown', tipo='prestamo', saldo=8000}","Cuenta incompleta: CuentaInteres{cuentaId=138, nombre='Unknown', tipo='prestamo', saldo=8000}"
taskExecutor-1,PROCESS,InvalidDataException,"CuentaInteres{cuentaId=109, nombre='Diana Prince', tipo='hipoteca', saldo=null}","Cuenta 109 con saldo no positivo"
taskExecutor-3,PROCESS,InvalidDataException,"CuentaInteres{cuentaId=128, nombre='Diana Prince', tipo='ahorro', saldo=8000}","Cuenta duplicada: CuentaInteres{cuentaId=128, nombre='Diana Prince', tipo='ahorro', saldo=8000}"
taskExecutor-1,PROCESS,InvalidDataException,"CuentaInteres{cuentaId=102, nombre='Jane Smith', tipo='prestamo', saldo=5000}","Cuenta incompleta: CuentaInteres{cuentaId=102, nombre='Jane Smith', tipo='prestamo', saldo=5000}"
taskExecutor-2,PROCESS,InvalidDataException,"CuentaInteres{cuentaId=139, nombre='Jane Smith', tipo='-1', saldo=null}","Cuenta 139 con saldo no positivo"
taskExecutor-1,PROCESS,InvalidDataException,"CuentaInteres{cuentaId=122, nombre='Diana Prince', tipo='ahorro', saldo=8000}","Cuenta duplicada: CuentaInteres{cuentaId=122, nombre='Diana Prince', tipo='ahorro', saldo=8000}"
taskExecutor-3,PROCESS,InvalidDataException,"CuentaInteres{cuentaId=117, nombre='Alice Brown', tipo='hipoteca', saldo=null}","Cuenta 117 con saldo no positivo"
taskExecutor-1,PROCESS,InvalidDataException,"CuentaInteres{cuentaId=137, nombre='John Doe', tipo='prestamo', saldo=10000}","Cuenta 137 con edad invalida: 150"
taskExecutor-2,PROCESS,InvalidDataException,"CuentaInteres{cuentaId=109, nombre='John Doe', tipo='ahorro', saldo=null}","Cuenta 109 con saldo no positivo"
taskExecutor-1,PROCESS,InvalidDataException,"CuentaInteres{cuentaId=136, nombre='Diana Prince', tipo='unknown', saldo=null}","Cuenta 136 con saldo no positivo"
taskExecutor-3,PROCESS,InvalidDataException,"CuentaInteres{cuentaId=129, nombre='Jane Smith', tipo='-1', saldo=null}","Cuenta 129 con saldo no positivo"
taskExecutor-2,PROCESS,InvalidDataException,"CuentaInteres{cuentaId=140, nombre='Bob Johnson', tipo='ahorro', saldo=null}","Cuenta 140 con edad invalida: 150"
taskExecutor-1,PROCESS,InvalidDataException,"CuentaInteres{cuentaId=123, nombre='John Doe', tipo='ahorro', saldo=8000}","Cuenta incompleta: CuentaInteres{cuentaId=123, nombre='John Doe', tipo='ahorro', saldo=8000}"
taskExecutor-2,PROCESS,InvalidDataException,"CuentaInteres{cuentaId=137, nombre='Diana Prince', tipo='-1', saldo=8000}","Cuenta incompleta: CuentaInteres{cuentaId=137, nombre='Diana Prince', tipo='-1', saldo=8000}"
taskExecutor-3,PROCESS,InvalidDataException,"CuentaInteres{cuentaId=133, nombre='John Doe', tipo='-1', saldo=7000}","Cuenta 133 con edad invalida: 150"
taskExecutor-2,PROCESS,InvalidDataException,"CuentaInteres{cuentaId=133, nombre='Steve Rogers', tipo='prestamo', saldo=10000}","Cuenta duplicada: CuentaInteres{cuentaId=133, nombre='Steve Rogers', tipo='prestamo', saldo=10000}"
taskExecutor-1,PROCESS,InvalidDataException,"CuentaInteres{cuentaId=123, nombre='Alice Brown', tipo='-1', saldo=10000}","Cuenta incompleta: CuentaInteres{cuentaId=123, nombre='Alice Brown', tipo='-1', saldo=10000}"
taskExecutor-2,PROCESS,InvalidDataException,"CuentaInteres{cuentaId=127, nombre='John Doe', tipo='prestamo', saldo=8000}","Cuenta 127 con edad invalida: 150"
taskExecutor-2,PROCESS,InvalidDataException,"CuentaInteres{cuentaId=116, nombre='Bob Johnson', tipo='prestamo', saldo=12000}","Cuenta incompleta: CuentaInteres{cuentaId=116, nombre='Bob Johnson', tipo='prestamo', saldo=12000}"
taskExecutor-3,PROCESS,InvalidDataException,"CuentaInteres{cuentaId=113, nombre='Jane Smith', tipo='prestamo', saldo=null}","Cuenta 113 con saldo no positivo"
taskExecutor-2,PROCESS,InvalidDataException,"CuentaInteres{cuentaId=107, nombre='Jane Smith', tipo='hipoteca', saldo=null}","Cuenta incompleta: CuentaInteres{cuentaId=107, nombre='Jane Smith', tipo='hipoteca', saldo=null}"
taskExecutor-1,PROCESS,InvalidDataException,"CuentaInteres{cuentaId=129, nombre='Steve Rogers', tipo='ahorro', saldo=7000}","Cuenta duplicada: CuentaInteres{cuentaId=129, nombre='Steve Rogers', tipo='ahorro', saldo=7000}"
taskExecutor-2,PROCESS,InvalidDataException,"CuentaInteres{cuentaId=117, nombre='John Doe', tipo='ahorro', saldo=null}","Cuenta 117 con saldo no positivo"
taskExecutor-3,PROCESS,InvalidDataException,"CuentaInteres{cuentaId=123, nombre='Alice Brown', tipo='hipoteca', saldo=null}","Cuenta 123 con saldo no positivo"
taskExecutor-2,PROCESS,InvalidDataException,"CuentaInteres{cuentaId=118, nombre='John Doe', tipo='hipoteca', saldo=null}","Cuenta 118 con saldo no positivo"
taskExecutor-1,PROCESS,InvalidDataException,"CuentaInteres{cuentaId=126, nombre='Charlie Green', tipo='hipoteca', saldo=null}","Cuenta 126 con saldo no positivo"
taskExecutor-2,PROCESS,InvalidDataException,"CuentaInteres{cuentaId=129, nombre='Alice Brown', tipo='ahorro', saldo=5000}","Cuenta incompleta: CuentaInteres{cuentaId=129, nombre='Alice Brown', tipo='ahorro', saldo=5000}"
taskExecutor-3,PROCESS,InvalidDataException,"CuentaInteres{cuentaId=129, nombre='Alice Brown', tipo='ahorro', saldo=5000}","Cuenta duplicada: CuentaInteres{cuentaId=129, nombre='Alice Brown', tipo='ahorro', saldo=5000}"
taskExecutor-2,PROCESS,InvalidDataException,"CuentaInteres{cuentaId=116, nombre='Charlie Green', tipo='ahorro', saldo=12000}","Cuenta incompleta: CuentaInteres{cuentaId=116, nombre='Charlie Green', tipo='ahorro', saldo=12000}"
taskExecutor-1,PROCESS,InvalidDataException,"CuentaInteres{cuentaId=149, nombre='Charlie Green', tipo='prestamo', saldo=null}","Cuenta 149 con saldo no positivo"
taskExecutor-2,PROCESS,InvalidDataException,"CuentaInteres{cuentaId=107, nombre='Diana Prince', tipo='-1', saldo=10000}","Cuenta incompleta: CuentaInteres{cuentaId=107, nombre='Diana Prince', tipo='-1', saldo=10000}"
taskExecutor-3,PROCESS,InvalidDataException,"CuentaInteres{cuentaId=116, nombre='Diana Prince', tipo='ahorro', saldo=7000}","Cuenta duplicada: CuentaInteres{cuentaId=116, nombre='Diana Prince', tipo='ahorro', saldo=7000}"
taskExecutor-2,PROCESS,InvalidDataException,"CuentaInteres{cuentaId=136, nombre='Alice Brown', tipo='-1', saldo=null}","Cuenta 136 con saldo no positivo"
taskExecutor-1,PROCESS,InvalidDataException,"CuentaInteres{cuentaId=143, nombre='Diana Prince', tipo='hipoteca', saldo=null}","Cuenta 143 con saldo no positivo"
taskExecutor-3,PROCESS,InvalidDataException,"CuentaInteres{cuentaId=135, nombre='Alice Brown', tipo='-1', saldo=7000}","Cuenta incompleta: CuentaInteres{cuentaId=135, nombre='Alice Brown', tipo='-1', saldo=7000}"
taskExecutor-1,PROCESS,InvalidDataException,"CuentaInteres{cuentaId=121, nombre='Charlie Green', tipo='ahorro', saldo=5000}","Cuenta incompleta: CuentaInteres{cuentaId=121, nombre='Charlie Green', tipo='ahorro', saldo=5000}"
taskExecutor-2,PROCESS,InvalidDataException,"CuentaInteres{cuentaId=138, nombre='Charlie Green', tipo='hipoteca', saldo=7000}","Cuenta incompleta: CuentaInteres{cuentaId=138, nombre='Charlie Green', tipo='hipoteca', saldo=7000}"
taskExecutor-1,PROCESS,InvalidDataException,"CuentaInteres{cuentaId=116, nombre='John Doe', tipo='-1', saldo=12000}","Cuenta incompleta: CuentaInteres{cuentaId=116, nombre='John Doe', tipo='-1', saldo=12000}"
taskExecutor-3,PROCESS,InvalidDataException,"CuentaInteres{cuentaId=123, nombre='Bob Johnson', tipo='ahorro', saldo=5000}","Cuenta duplicada: CuentaInteres{cuentaId=123, nombre='Bob Johnson', tipo='ahorro', saldo=5000}"
taskExecutor-1,PROCESS,InvalidDataException,"CuentaInteres{cuentaId=145, nombre='Jane Smith', tipo='prestamo', saldo=null}","Cuenta 145 con saldo no positivo"
taskExecutor-2,PROCESS,InvalidDataException,"CuentaInteres{cuentaId=149, nombre='Alice Brown', tipo='prestamo', saldo=10000}","Cuenta incompleta: CuentaInteres{cuentaId=149, nombre='Alice Brown', tipo='prestamo', saldo=10000}"
taskExecutor-1,PROCESS,InvalidDataException,"CuentaInteres{cuentaId=138, nombre='Alice Brown', tipo='ahorro', saldo=null}","Cuenta 138 con saldo no positivo"
taskExecutor-3,PROCESS,InvalidDataException,"CuentaInteres{cuentaId=139, nombre='Charlie Green', tipo='-1', saldo=null}","Cuenta 139 con saldo no positivo"
taskExecutor-1,PROCESS,InvalidDataException,"CuentaInteres{cuentaId=115, nombre='John Doe', tipo='ahorro', saldo=5000}","Cuenta duplicada: CuentaInteres{cuentaId=115, nombre='John Doe', tipo='ahorro', saldo=5000}"
taskExecutor-2,PROCESS,InvalidDataException,"CuentaInteres{cuentaId=148, nombre='Bob Johnson', tipo='ahorro', saldo=7000}","Cuenta duplicada: CuentaInteres{cuentaId=148, nombre='Bob Johnson', tipo='ahorro', saldo=7000}"
taskExecutor-1,PROCESS,InvalidDataException,"CuentaInteres{cuentaId=117, nombre='Alice Brown', tipo='ahorro', saldo=5000}","Cuenta incompleta: CuentaInteres{cuentaId=117, nombre='Alice Brown', tipo='ahorro', saldo=5000}"
taskExecutor-3,PROCESS,InvalidDataException,"CuentaInteres{cuentaId=114, nombre='Steve Rogers', tipo='prestamo', saldo=null}","Cuenta 114 con saldo no positivo"
taskExecutor-1,PROCESS,InvalidDataException,"CuentaInteres{cuentaId=147, nombre='Diana Prince', tipo='ahorro', saldo=8000}","Cuenta 147 con edad invalida: 150"
taskExecutor-2,PROCESS,InvalidDataException,"CuentaInteres{cuentaId=109, nombre='Diana Prince', tipo='ahorro', saldo=null}","Cuenta 109 con saldo no positivo"
taskExecutor-1,PROCESS,InvalidDataException,"CuentaInteres{cuentaId=109, nombre='Bob Johnson', tipo='hipoteca', saldo=null}","Cuenta incompleta: CuentaInteres{cuentaId=109, nombre='Bob Johnson', tipo='hipoteca', saldo=null}"
taskExecutor-2,PROCESS,InvalidDataException,"CuentaInteres{cuentaId=107, nombre='Steve Rogers', tipo='prestamo', saldo=10000}","Cuenta duplicada: CuentaInteres{cuentaId=107, nombre='Steve Rogers', tipo='prestamo', saldo=10000}"
taskExecutor-1,PROCESS,InvalidDataException,"CuentaInteres{cuentaId=112, nombre='Diana Prince', tipo='-1', saldo=10000}","Cuenta 112 con edad invalida: 150"
taskExecutor-2,PROCESS,InvalidDataException,"CuentaInteres{cuentaId=113, nombre='John Doe', tipo='prestamo', saldo=8000}","Cuenta duplicada: CuentaInteres{cuentaId=113, nombre='John Doe', tipo='prestamo', saldo=8000}"
taskExecutor-1,PROCESS,InvalidDataException,"CuentaInteres{cuentaId=112, nombre='Jane Smith', tipo='hipoteca', saldo=null}","Cuenta 112 con edad invalida: 150"
taskExecutor-2,PROCESS,InvalidDataException,"CuentaInteres{cuentaId=114, nombre='Alice Brown', tipo='ahorro', saldo=5000}","Cuenta incompleta: CuentaInteres{cuentaId=114, nombre='Alice Brown', tipo='ahorro', saldo=5000}"
taskExecutor-1,PROCESS,InvalidDataException,"CuentaInteres{cuentaId=149, nombre='Charlie Green', tipo='prestamo', saldo=12000}","Cuenta duplicada: CuentaInteres{cuentaId=149, nombre='Charlie Green', tipo='prestamo', saldo=12000}"
taskExecutor-2,PROCESS,InvalidDataException,"CuentaInteres{cuentaId=127, nombre='Alice Brown', tipo='-1', saldo=null}","Cuenta incompleta: CuentaInteres{cuentaId=127, nombre='Alice Brown', tipo='-1', saldo=null}"
taskExecutor-1,PROCESS,InvalidDataException,"CuentaInteres{cuentaId=141, nombre='Alice Brown', tipo='-1', saldo=5000}","Cuenta incompleta: CuentaInteres{cuentaId=141, nombre='Alice Brown', tipo='-1', saldo=5000}"
taskExecutor-2,PROCESS,InvalidDataException,"CuentaInteres{cuentaId=116, nombre='John Doe', tipo='-1', saldo=10000}","Cuenta incompleta: CuentaInteres{cuentaId=116, nombre='John Doe', tipo='-1', saldo=10000}"
taskExecutor-1,PROCESS,InvalidDataException,"CuentaInteres{cuentaId=138, nombre='Jane Smith', tipo='hipoteca', saldo=null}","Cuenta incompleta: CuentaInteres{cuentaId=138, nombre='Jane Smith', tipo='hipoteca', saldo=null}"
taskExecutor-1,PROCESS,InvalidDataException,"CuentaInteres{cuentaId=105, nombre='John Doe', tipo='ahorro', saldo=10000}","Cuenta 105 con edad invalida: 150"
taskExecutor-1,PROCESS,InvalidDataException,"CuentaInteres{cuentaId=147, nombre='John Doe', tipo='ahorro', saldo=null}","Cuenta 147 con saldo no positivo"
taskExecutor-1,PROCESS,InvalidDataException,"CuentaInteres{cuentaId=145, nombre='Bob Johnson', tipo='ahorro', saldo=null}","Cuenta 145 con saldo no positivo"
taskExecutor-1,PROCESS,InvalidDataException,"CuentaInteres{cuentaId=138, nombre='Charlie Green', tipo='prestamo', saldo=null}","Cuenta 138 con saldo no positivo"
taskExecutor-1,PROCESS,InvalidDataException,"CuentaInteres{cuentaId=115, nombre='John Doe', tipo='prestamo', saldo=10000}","Cuenta duplicada: CuentaInteres{cuentaId=115, nombre='John Doe', tipo='prestamo', saldo=10000}"
taskExecutor-1,PROCESS,InvalidDataException,"CuentaInteres{cuentaId=123, nombre='Unknown', tipo='prestamo', saldo=10000}","Cuenta duplicada: CuentaInteres{cuentaId=123, nombre='Unknown', tipo='prestamo', saldo=10000}"
taskExecutor-1,PROCESS,InvalidDataException,"MovimientoAnual{cuentaId=119, fecha=2024-02-11, transaccion='deposito', monto=0}","Monto no positivo en estado de cuenta (cuenta 119): 0"
taskExecutor-2,PROCESS,InvalidDataException,"MovimientoAnual{cuentaId=108, fecha=2024-10-31, transaccion='deposito', monto=-500}","Monto no positivo en estado de cuenta (cuenta 108): -500"
taskExecutor-3,PROCESS,InvalidDataException,"MovimientoAnual{cuentaId=120, fecha=2024-04-11, transaccion='compra', monto=null}","Movimiento anual incompleto: MovimientoAnual{cuentaId=120, fecha=2024-04-11, transaccion='compra', monto=null}"
taskExecutor-1,PROCESS,InvalidDataException,"MovimientoAnual{cuentaId=116, fecha=2024-07-11, transaccion='compra', monto=-500}","Monto no positivo en estado de cuenta (cuenta 116): -500"
taskExecutor-2,PROCESS,InvalidDataException,"MovimientoAnual{cuentaId=113, fecha=2024-06-13, transaccion='deposito', monto=-500}","Monto no positivo en estado de cuenta (cuenta 113): -500"
taskExecutor-1,PROCESS,InvalidDataException,"MovimientoAnual{cuentaId=111, fecha=2024-09-26, transaccion='retiro', monto=-500}","Monto no positivo en estado de cuenta (cuenta 111): -500"
taskExecutor-3,PROCESS,InvalidDataException,"MovimientoAnual{cuentaId=106, fecha=2024-02-12, transaccion='deposito', monto=-100}","Monto no positivo en estado de cuenta (cuenta 106): -100"
taskExecutor-1,PROCESS,InvalidDataException,"MovimientoAnual{cuentaId=114, fecha=2024-09-23, transaccion='deposito', monto=-100}","Monto no positivo en estado de cuenta (cuenta 114): -100"
taskExecutor-2,PROCESS,InvalidDataException,"MovimientoAnual{cuentaId=109, fecha=2024-02-12, transaccion='compra', monto=-100}","Monto no positivo en estado de cuenta (cuenta 109): -100"
taskExecutor-1,PROCESS,InvalidDataException,"MovimientoAnual{cuentaId=104, fecha=2024-08-30, transaccion='retiro', monto=-100}","Monto no positivo en estado de cuenta (cuenta 104): -100"
taskExecutor-3,PROCESS,InvalidDataException,"MovimientoAnual{cuentaId=110, fecha=2024-11-13, transaccion='compra', monto=-500}","Monto no positivo en estado de cuenta (cuenta 110): -500"
taskExecutor-1,PROCESS,InvalidDataException,"MovimientoAnual{cuentaId=103, fecha=2024-06-03, transaccion='compra', monto=-100}","Monto no positivo en estado de cuenta (cuenta 103): -100"
taskExecutor-2,PROCESS,InvalidDataException,"MovimientoAnual{cuentaId=104, fecha=2024-03-19, transaccion='retiro', monto=-500}","Monto no positivo en estado de cuenta (cuenta 104): -500"
taskExecutor-3,PROCESS,InvalidDataException,"MovimientoAnual{cuentaId=119, fecha=2024-07-25, transaccion='retiro', monto=-500}","Monto no positivo en estado de cuenta (cuenta 119): -500"
taskExecutor-1,PROCESS,InvalidDataException,"MovimientoAnual{cuentaId=110, fecha=2024-11-03, transaccion='compra', monto=-500}","Monto no positivo en estado de cuenta (cuenta 110): -500"
taskExecutor-2,PROCESS,InvalidDataException,"MovimientoAnual{cuentaId=120, fecha=2024-12-21, transaccion='compra', monto=-500}","Monto no positivo en estado de cuenta (cuenta 120): -500"
taskExecutor-3,PROCESS,InvalidDataException,"MovimientoAnual{cuentaId=103, fecha=2024-08-11, transaccion='pago', monto=1000}","Tipo de transaccion anual no valido: pago"
taskExecutor-2,PROCESS,InvalidDataException,"MovimientoAnual{cuentaId=115, fecha=2024-12-22, transaccion='retiro', monto=-100}","Monto no positivo en estado de cuenta (cuenta 115): -100"
taskExecutor-1,PROCESS,InvalidDataException,"MovimientoAnual{cuentaId=110, fecha=2024-11-21, transaccion='retiro', monto=-100}","Monto no positivo en estado de cuenta (cuenta 110): -100"
taskExecutor-2,PROCESS,InvalidDataException,"MovimientoAnual{cuentaId=108, fecha=2024-09-22, transaccion='retiro', monto=-500}","Monto no positivo en estado de cuenta (cuenta 108): -500"
taskExecutor-3,PROCESS,InvalidDataException,"MovimientoAnual{cuentaId=111, fecha=2024-03-10, transaccion='retiro', monto=-500}","Monto no positivo en estado de cuenta (cuenta 111): -500"
taskExecutor-1,PROCESS,InvalidDataException,"MovimientoAnual{cuentaId=103, fecha=2024-09-13, transaccion='compra', monto=null}","Movimiento anual incompleto: MovimientoAnual{cuentaId=103, fecha=2024-09-13, transaccion='compra', monto=null}"
taskExecutor-3,PROCESS,InvalidDataException,"MovimientoAnual{cuentaId=117, fecha=2024-01-11, transaccion='deposito', monto=-1000}","Monto no positivo en estado de cuenta (cuenta 117): -1000"
taskExecutor-2,PROCESS,InvalidDataException,"MovimientoAnual{cuentaId=108, fecha=2024-03-12, transaccion='deposito', monto=-500}","Monto no positivo en estado de cuenta (cuenta 108): -500"
taskExecutor-2,PROCESS,InvalidDataException,"MovimientoAnual{cuentaId=118, fecha=2024-09-01, transaccion='compra', monto=-100}","Monto no positivo en estado de cuenta (cuenta 118): -100"
taskExecutor-1,PROCESS,InvalidDataException,"MovimientoAnual{cuentaId=119, fecha=2024-04-11, transaccion='pago', monto=2000}","Tipo de transaccion anual no valido: pago"
taskExecutor-2,PROCESS,InvalidDataException,"MovimientoAnual{cuentaId=112, fecha=2024-06-12, transaccion='retiro', monto=-500}","Monto no positivo en estado de cuenta (cuenta 112): -500"
taskExecutor-3,PROCESS,InvalidDataException,"MovimientoAnual{cuentaId=109, fecha=2024-11-20, transaccion='retiro', monto=-1000}","Monto no positivo en estado de cuenta (cuenta 109): -1000"
taskExecutor-1,PROCESS,InvalidDataException,"MovimientoAnual{cuentaId=118, fecha=2024-04-21, transaccion='deposito', monto=-500}","Monto no positivo en estado de cuenta (cuenta 118): -500"
taskExecutor-2,PROCESS,InvalidDataException,"MovimientoAnual{cuentaId=119, fecha=2024-12-23, transaccion='compra', monto=-500}","Monto no positivo en estado de cuenta (cuenta 119): -500"
taskExecutor-1,PROCESS,InvalidDataException,"MovimientoAnual{cuentaId=112, fecha=2024-02-08, transaccion='deposito', monto=-500}","Monto no positivo en estado de cuenta (cuenta 112): -500"
taskExecutor-3,PROCESS,InvalidDataException,"MovimientoAnual{cuentaId=113, fecha=2024-01-25, transaccion='deposito', monto=-500}","Monto no positivo en estado de cuenta (cuenta 113): -500"
taskExecutor-2,PROCESS,InvalidDataException,"MovimientoAnual{cuentaId=112, fecha=2024-07-17, transaccion='retiro', monto=-100}","Monto no positivo en estado de cuenta (cuenta 112): -100"
taskExecutor-1,PROCESS,InvalidDataException,"MovimientoAnual{cuentaId=101, fecha=2024-06-20, transaccion='deposito', monto=-100}","Monto no positivo en estado de cuenta (cuenta 101): -100"
taskExecutor-3,PROCESS,InvalidDataException,"MovimientoAnual{cuentaId=109, fecha=2024-10-15, transaccion='retiro', monto=-500}","Monto no positivo en estado de cuenta (cuenta 109): -500"
taskExecutor-1,PROCESS,InvalidDataException,"MovimientoAnual{cuentaId=104, fecha=2024-05-08, transaccion='deposito', monto=-100}","Monto no positivo en estado de cuenta (cuenta 104): -100"
taskExecutor-2,PROCESS,InvalidDataException,"MovimientoAnual{cuentaId=105, fecha=2024-12-17, transaccion='retiro', monto=null}","Movimiento anual incompleto: MovimientoAnual{cuentaId=105, fecha=2024-12-17, transaccion='retiro', monto=null}"
taskExecutor-1,PROCESS,InvalidDataException,"MovimientoAnual{cuentaId=118, fecha=2024-11-08, transaccion='compra', monto=-500}","Monto no positivo en estado de cuenta (cuenta 118): -500"
taskExecutor-3,PROCESS,InvalidDataException,"MovimientoAnual{cuentaId=118, fecha=2024-09-01, transaccion='retiro', monto=-100}","Monto no positivo en estado de cuenta (cuenta 118): -100"
taskExecutor-1,PROCESS,InvalidDataException,"MovimientoAnual{cuentaId=105, fecha=2024-04-26, transaccion='deposito', monto=-500}","Monto no positivo en estado de cuenta (cuenta 105): -500"
taskExecutor-2,PROCESS,InvalidDataException,"MovimientoAnual{cuentaId=115, fecha=2024-04-04, transaccion='deposito', monto=-100}","Monto no positivo en estado de cuenta (cuenta 115): -100"
taskExecutor-1,PROCESS,InvalidDataException,"MovimientoAnual{cuentaId=111, fecha=2024-04-18, transaccion='compra', monto=-100}","Monto no positivo en estado de cuenta (cuenta 111): -100"
taskExecutor-3,PROCESS,InvalidDataException,"MovimientoAnual{cuentaId=105, fecha=2024-01-17, transaccion='compra', monto=-500}","Monto no positivo en estado de cuenta (cuenta 105): -500"
taskExecutor-1,PROCESS,InvalidDataException,"MovimientoAnual{cuentaId=105, fecha=2024-04-29, transaccion='compra', monto=-100}","Monto no positivo en estado de cuenta (cuenta 105): -100"
taskExecutor-2,PROCESS,InvalidDataException,"MovimientoAnual{cuentaId=104, fecha=2024-07-17, transaccion='compra', monto=null}","Movimiento anual incompleto: MovimientoAnual{cuentaId=104, fecha=2024-07-17, transaccion='compra', monto=null}"
taskExecutor-1,PROCESS,InvalidDataException,"MovimientoAnual{cuentaId=110, fecha=2024-07-02, transaccion='pago', monto=2500}","Tipo de transaccion anual no valido: pago"
taskExecutor-3,PROCESS,InvalidDataException,"MovimientoAnual{cuentaId=111, fecha=2024-07-19, transaccion='compra', monto=-100}","Monto no positivo en estado de cuenta (cuenta 111): -100"
taskExecutor-1,PROCESS,InvalidDataException,"MovimientoAnual{cuentaId=104, fecha=2024-07-28, transaccion='deposito', monto=-500}","Monto no positivo en estado de cuenta (cuenta 104): -500"
taskExecutor-3,PROCESS,InvalidDataException,"MovimientoAnual{cuentaId=107, fecha=2024-02-29, transaccion='deposito', monto=-500}","Monto no positivo en estado de cuenta (cuenta 107): -500"
taskExecutor-2,PROCESS,InvalidDataException,"MovimientoAnual{cuentaId=111, fecha=2024-05-04, transaccion='deposito', monto=null}","Movimiento anual incompleto: MovimientoAnual{cuentaId=111, fecha=2024-05-04, transaccion='deposito', monto=null}"
taskExecutor-3,PROCESS,InvalidDataException,"MovimientoAnual{cuentaId=102, fecha=2024-11-05, transaccion='retiro', monto=null}","Movimiento anual incompleto: MovimientoAnual{cuentaId=102, fecha=2024-11-05, transaccion='retiro', monto=null}"
taskExecutor-1,PROCESS,InvalidDataException,"MovimientoAnual{cuentaId=114, fecha=2024-11-14, transaccion='deposito', monto=-100}","Monto no positivo en estado de cuenta (cuenta 114): -100"
taskExecutor-2,PROCESS,InvalidDataException,"MovimientoAnual{cuentaId=107, fecha=2024-08-08, transaccion='compra', monto=-500}","Monto no positivo en estado de cuenta (cuenta 107): -500"
taskExecutor-3,PROCESS,InvalidDataException,"MovimientoAnual{cuentaId=104, fecha=2024-11-01, transaccion='retiro', monto=-500}","Monto no positivo en estado de cuenta (cuenta 104): -500"
taskExecutor-1,PROCESS,InvalidDataException,"MovimientoAnual{cuentaId=110, fecha=2024-09-09, transaccion='retiro', monto=-100}","Monto no positivo en estado de cuenta (cuenta 110): -100"
taskExecutor-2,PROCESS,InvalidDataException,"MovimientoAnual{cuentaId=117, fecha=2024-11-01, transaccion='deposito', monto=null}","Movimiento anual incompleto: MovimientoAnual{cuentaId=117, fecha=2024-11-01, transaccion='deposito', monto=null}"
taskExecutor-1,PROCESS,InvalidDataException,"MovimientoAnual{cuentaId=103, fecha=2024-06-05, transaccion='deposito', monto=-100}","Monto no positivo en estado de cuenta (cuenta 103): -100"
taskExecutor-3,PROCESS,InvalidDataException,"MovimientoAnual{cuentaId=104, fecha=2024-02-02, transaccion='retiro', monto=-100}","Monto no positivo en estado de cuenta (cuenta 104): -100"
taskExecutor-2,PROCESS,InvalidDataException,"MovimientoAnual{cuentaId=102, fecha=2024-05-23, transaccion='pago', monto=-500}","Tipo de transaccion anual no valido: pago"
taskExecutor-1,PROCESS,InvalidDataException,"MovimientoAnual{cuentaId=109, fecha=2024-09-23, transaccion='retiro', monto=-500}","Monto no positivo en estado de cuenta (cuenta 109): -500"
taskExecutor-3,PROCESS,InvalidDataException,"MovimientoAnual{cuentaId=113, fecha=2024-05-02, transaccion='retiro', monto=-100}","Monto no positivo en estado de cuenta (cuenta 113): -100"
taskExecutor-1,PROCESS,InvalidDataException,"MovimientoAnual{cuentaId=110, fecha=2024-03-10, transaccion='retiro', monto=-100}","Monto no positivo en estado de cuenta (cuenta 110): -100"
taskExecutor-2,PROCESS,InvalidDataException,"MovimientoAnual{cuentaId=120, fecha=2024-07-26, transaccion='retiro', monto=null}","Movimiento anual incompleto: MovimientoAnual{cuentaId=120, fecha=2024-07-26, transaccion='retiro', monto=null}"
taskExecutor-1,PROCESS,InvalidDataException,"MovimientoAnual{cuentaId=105, fecha=2024-05-16, transaccion='deposito', monto=-500}","Monto no positivo en estado de cuenta (cuenta 105): -500"
taskExecutor-3,PROCESS,InvalidDataException,"MovimientoAnual{cuentaId=109, fecha=2024-07-05, transaccion='retiro', monto=-500}","Monto no positivo en estado de cuenta (cuenta 109): -500"
taskExecutor-1,PROCESS,InvalidDataException,"MovimientoAnual{cuentaId=103, fecha=2024-01-17, transaccion='compra', monto=-100}","Monto no positivo en estado de cuenta (cuenta 103): -100"
taskExecutor-2,PROCESS,InvalidDataException,"MovimientoAnual{cuentaId=102, fecha=2024-08-30, transaccion='retiro', monto=null}","Movimiento anual incompleto: MovimientoAnual{cuentaId=102, fecha=2024-08-30, transaccion='retiro', monto=null}"
taskExecutor-1,PROCESS,InvalidDataException,"MovimientoAnual{cuentaId=103, fecha=2024-09-28, transaccion='deposito', monto=-100}","Monto no positivo en estado de cuenta (cuenta 103): -100"
taskExecutor-3,PROCESS,InvalidDataException,"MovimientoAnual{cuentaId=110, fecha=2024-02-15, transaccion='deposito', monto=0}","Monto no positivo en estado de cuenta (cuenta 110): 0"
taskExecutor-1,PROCESS,InvalidDataException,"MovimientoAnual{cuentaId=119, fecha=2024-01-29, transaccion='deposito', monto=0}","Monto no positivo en estado de cuenta (cuenta 119): 0"
taskExecutor-2,PROCESS,InvalidDataException,"MovimientoAnual{cuentaId=103, fecha=2024-07-15, transaccion='pago', monto=3000}","Tipo de transaccion anual no valido: pago"
taskExecutor-3,PROCESS,InvalidDataException,"MovimientoAnual{cuentaId=104, fecha=2024-07-31, transaccion='deposito', monto=null}","Movimiento anual incompleto: MovimientoAnual{cuentaId=104, fecha=2024-07-31, transaccion='deposito', monto=null}"
taskExecutor-1,PROCESS,InvalidDataException,"MovimientoAnual{cuentaId=114, fecha=2024-04-10, transaccion='deposito', monto=-500}","Monto no positivo en estado de cuenta (cuenta 114): -500"
taskExecutor-2,PROCESS,InvalidDataException,"MovimientoAnual{cuentaId=102, fecha=2024-08-03, transaccion='pago', monto=1000}","Tipo de transaccion anual no valido: pago"
taskExecutor-3,PROCESS,InvalidDataException,"MovimientoAnual{cuentaId=117, fecha=2024-01-12, transaccion='retiro', monto=null}","Movimiento anual incompleto: MovimientoAnual{cuentaId=117, fecha=2024-01-12, transaccion='retiro', monto=null}"
taskExecutor-1,PROCESS,InvalidDataException,"MovimientoAnual{cuentaId=120, fecha=2024-09-15, transaccion='retiro', monto=-500}","Monto no positivo en estado de cuenta (cuenta 120): -500"
taskExecutor-3,PROCESS,InvalidDataException,"MovimientoAnual{cuentaId=107, fecha=2024-09-28, transaccion='retiro', monto=-500}","Monto no positivo en estado de cuenta (cuenta 107): -500"
taskExecutor-2,PROCESS,InvalidDataException,"MovimientoAnual{cuentaId=110, fecha=2024-08-11, transaccion='compra', monto=-500}","Monto no positivo en estado de cuenta (cuenta 110): -500"
taskExecutor-3,PROCESS,InvalidDataException,"MovimientoAnual{cuentaId=101, fecha=2024-02-16, transaccion='compra', monto=-100}","Monto no positivo en estado de cuenta (cuenta 101): -100"
taskExecutor-1,PROCESS,InvalidDataException,"MovimientoAnual{cuentaId=108, fecha=2024-11-17, transaccion='retiro', monto=-100}","Monto no positivo en estado de cuenta (cuenta 108): -100"
taskExecutor-1,PROCESS,InvalidDataException,"MovimientoAnual{cuentaId=116, fecha=2024-10-15, transaccion='compra', monto=-100}","Monto no positivo en estado de cuenta (cuenta 116): -100"
taskExecutor-2,PROCESS,InvalidDataException,"MovimientoAnual{cuentaId=107, fecha=2024-03-09, transaccion='deposito', monto=-500}","Monto no positivo en estado de cuenta (cuenta 107): -500"
taskExecutor-3,PROCESS,InvalidDataException,"MovimientoAnual{cuentaId=110, fecha=2024-02-11, transaccion='compra', monto=-100}","Monto no positivo en estado de cuenta (cuenta 110): -100"
taskExecutor-2,PROCESS,InvalidDataException,"MovimientoAnual{cuentaId=107, fecha=2024-06-15, transaccion='compra', monto=null}","Movimiento anual incompleto: MovimientoAnual{cuentaId=107, fecha=2024-06-15, transaccion='compra', monto=null}"
taskExecutor-1,PROCESS,InvalidDataException,"MovimientoAnual{cuentaId=106, fecha=2024-11-11, transaccion='deposito', monto=-500}","Monto no positivo en estado de cuenta (cuenta 106): -500"
taskExecutor-3,PROCESS,InvalidDataException,"MovimientoAnual{cuentaId=118, fecha=2024-03-05, transaccion='retiro', monto=0}","Monto no positivo en estado de cuenta (cuenta 118): 0"
taskExecutor-2,PROCESS,InvalidDataException,"MovimientoAnual{cuentaId=110, fecha=2024-01-14, transaccion='pago', monto=1500}","Tipo de transaccion anual no valido: pago"
taskExecutor-1,PROCESS,InvalidDataException,"MovimientoAnual{cuentaId=115, fecha=2024-06-24, transaccion='deposito', monto=-500}","Monto no positivo en estado de cuenta (cuenta 115): -500"
taskExecutor-2,PROCESS,InvalidDataException,"MovimientoAnual{cuentaId=109, fecha=2024-02-13, transaccion='pago', monto=-500}","Tipo de transaccion anual no valido: pago"
taskExecutor-3,PROCESS,InvalidDataException,"MovimientoAnual{cuentaId=106, fecha=2024-08-29, transaccion='pago', monto=2000}","Tipo de transaccion anual no valido: pago"
taskExecutor-2,PROCESS,InvalidDataException,"MovimientoAnual{cuentaId=114, fecha=2024-03-16, transaccion='compra', monto=null}","Movimiento anual incompleto: MovimientoAnual{cuentaId=114, fecha=2024-03-16, transaccion='compra', monto=null}"
taskExecutor-1,PROCESS,InvalidDataException,"MovimientoAnual{cuentaId=108, fecha=2024-07-08, transaccion='retiro', monto=-100}","Monto no positivo en estado de cuenta (cuenta 108): -100"
taskExecutor-2,PROCESS,InvalidDataException,"MovimientoAnual{cuentaId=103, fecha=2024-12-08, transaccion='deposito', monto=-500}","Monto no positivo en estado de cuenta (cuenta 103): -500"
taskExecutor-3,PROCESS,InvalidDataException,"MovimientoAnual{cuentaId=119, fecha=2024-06-11, transaccion='compra', monto=-500}","Monto no positivo en estado de cuenta (cuenta 119): -500"
taskExecutor-2,PROCESS,InvalidDataException,"MovimientoAnual{cuentaId=116, fecha=2024-04-05, transaccion='compra', monto=-500}","Monto no positivo en estado de cuenta (cuenta 116): -500"
taskExecutor-1,PROCESS,InvalidDataException,"MovimientoAnual{cuentaId=110, fecha=2024-08-08, transaccion='compra', monto=-500}","Monto no positivo en estado de cuenta (cuenta 110): -500"
taskExecutor-2,PROCESS,InvalidDataException,"MovimientoAnual{cuentaId=107, fecha=2024-05-31, transaccion='deposito', monto=-100}","Monto no positivo en estado de cuenta (cuenta 107): -100"
taskExecutor-3,PROCESS,InvalidDataException,"MovimientoAnual{cuentaId=116, fecha=2024-02-09, transaccion='deposito', monto=-100}","Monto no positivo en estado de cuenta (cuenta 116): -100"
taskExecutor-1,PROCESS,InvalidDataException,"MovimientoAnual{cuentaId=110, fecha=2024-02-08, transaccion='compra', monto=null}","Movimiento anual incompleto: MovimientoAnual{cuentaId=110, fecha=2024-02-08, transaccion='compra', monto=null}"
taskExecutor-3,PROCESS,InvalidDataException,"MovimientoAnual{cuentaId=117, fecha=2024-05-18, transaccion='deposito', monto=null}","Movimiento anual incompleto: MovimientoAnual{cuentaId=117, fecha=2024-05-18, transaccion='deposito', monto=null}"
taskExecutor-2,PROCESS,InvalidDataException,"MovimientoAnual{cuentaId=104, fecha=2024-11-05, transaccion='pago', monto=2000}","Tipo de transaccion anual no valido: pago"
taskExecutor-3,PROCESS,InvalidDataException,"MovimientoAnual{cuentaId=112, fecha=2024-10-17, transaccion='retiro', monto=-500}","Monto no positivo en estado de cuenta (cuenta 112): -500"
taskExecutor-1,PROCESS,InvalidDataException,"MovimientoAnual{cuentaId=105, fecha=2024-09-01, transaccion='deposito', monto=null}","Movimiento anual incompleto: MovimientoAnual{cuentaId=105, fecha=2024-09-01, transaccion='deposito', monto=null}"
taskExecutor-3,PROCESS,InvalidDataException,"MovimientoAnual{cuentaId=108, fecha=2024-01-05, transaccion='pago', monto=-500}","Tipo de transaccion anual no valido: pago"
taskExecutor-2,PROCESS,InvalidDataException,"MovimientoAnual{cuentaId=106, fecha=2024-09-26, transaccion='deposito', monto=-500}","Monto no positivo en estado de cuenta (cuenta 106): -500"
taskExecutor-3,PROCESS,InvalidDataException,"MovimientoAnual{cuentaId=116, fecha=2024-08-02, transaccion='compra', monto=-500}","Monto no positivo en estado de cuenta (cuenta 116): -500"
taskExecutor-1,PROCESS,InvalidDataException,"MovimientoAnual{cuentaId=103, fecha=2024-09-29, transaccion='compra', monto=-100}","Monto no positivo en estado de cuenta (cuenta 103): -100"
taskExecutor-3,PROCESS,InvalidDataException,"MovimientoAnual{cuentaId=105, fecha=2024-06-04, transaccion='pago', monto=-500}","Tipo de transaccion anual no valido: pago"
taskExecutor-3,PROCESS,InvalidDataException,"MovimientoAnual{cuentaId=103, fecha=2024-09-24, transaccion='retiro', monto=-500}","Monto no positivo en estado de cuenta (cuenta 103): -500"
taskExecutor-2,PROCESS,InvalidDataException,"MovimientoAnual{cuentaId=119, fecha=2024-10-18, transaccion='retiro', monto=-100}","Monto no positivo en estado de cuenta (cuenta 119): -100"
taskExecutor-3,PROCESS,InvalidDataException,"MovimientoAnual{cuentaId=116, fecha=2024-08-09, transaccion='compra', monto=-500}","Monto no positivo en estado de cuenta (cuenta 116): -500"
taskExecutor-2,PROCESS,InvalidDataException,"MovimientoAnual{cuentaId=102, fecha=2024-08-24, transaccion='retiro', monto=-500}","Monto no positivo en estado de cuenta (cuenta 102): -500"
taskExecutor-1,PROCESS,InvalidDataException,"MovimientoAnual{cuentaId=107, fecha=2024-01-24, transaccion='deposito', monto=-500}","Monto no positivo en estado de cuenta (cuenta 107): -500"
taskExecutor-2,PROCESS,InvalidDataException,"MovimientoAnual{cuentaId=113, fecha=2024-03-09, transaccion='compra', monto=-100}","Monto no positivo en estado de cuenta (cuenta 113): -100"
taskExecutor-3,PROCESS,InvalidDataException,"MovimientoAnual{cuentaId=120, fecha=2024-05-24, transaccion='retiro', monto=-500}","Monto no positivo en estado de cuenta (cuenta 120): -500"
taskExecutor-1,PROCESS,InvalidDataException,"MovimientoAnual{cuentaId=116, fecha=2024-06-08, transaccion='deposito', monto=-500}","Monto no positivo en estado de cuenta (cuenta 116): -500"
taskExecutor-2,PROCESS,InvalidDataException,"MovimientoAnual{cuentaId=111, fecha=2024-10-31, transaccion='retiro', monto=-500}","Monto no positivo en estado de cuenta (cuenta 111): -500"
taskExecutor-1,PROCESS,InvalidDataException,"MovimientoAnual{cuentaId=119, fecha=2024-09-29, transaccion='deposito', monto=-100}","Monto no positivo en estado de cuenta (cuenta 119): -100"
taskExecutor-3,PROCESS,InvalidDataException,"MovimientoAnual{cuentaId=102, fecha=2024-11-24, transaccion='retiro', monto=-100}","Monto no positivo en estado de cuenta (cuenta 102): -100"
taskExecutor-2,PROCESS,InvalidDataException,"MovimientoAnual{cuentaId=120, fecha=2024-04-15, transaccion='pago', monto=1000}","Tipo de transaccion anual no valido: pago"
taskExecutor-3,PROCESS,InvalidDataException,"MovimientoAnual{cuentaId=106, fecha=2024-10-23, transaccion='compra', monto=-500}","Monto no positivo en estado de cuenta (cuenta 106): -500"
taskExecutor-1,PROCESS,InvalidDataException,"MovimientoAnual{cuentaId=113, fecha=2024-10-09, transaccion='compra', monto=-500}","Monto no positivo en estado de cuenta (cuenta 113): -500"
taskExecutor-2,PROCESS,InvalidDataException,"MovimientoAnual{cuentaId=102, fecha=2024-05-26, transaccion='pago', monto=2500}","Tipo de transaccion anual no valido: pago"
taskExecutor-3,PROCESS,InvalidDataException,"MovimientoAnual{cuentaId=103, fecha=2024-07-12, transaccion='deposito', monto=null}","Movimiento anual incompleto: MovimientoAnual{cuentaId=103, fecha=2024-07-12, transaccion='deposito', monto=null}"
taskExecutor-2,PROCESS,InvalidDataException,"MovimientoAnual{cuentaId=118, fecha=2024-06-09, transaccion='retiro', monto=null}","Movimiento anual incompleto: MovimientoAnual{cuentaId=118, fecha=2024-06-09, transaccion='retiro', monto=null}"
taskExecutor-1,PROCESS,InvalidDataException,"MovimientoAnual{cuentaId=105, fecha=2024-02-06, transaccion='retiro', monto=-100}","Monto no positivo en estado de cuenta (cuenta 105): -100"
taskExecutor-2,PROCESS,InvalidDataException,"MovimientoAnual{cuentaId=105, fecha=2024-05-13, transaccion='deposito', monto=-100}","Monto no positivo en estado de cuenta (cuenta 105): -100"
taskExecutor-3,PROCESS,InvalidDataException,"MovimientoAnual{cuentaId=120, fecha=2024-12-28, transaccion='retiro', monto=-500}","Monto no positivo en estado de cuenta (cuenta 120): -500"
taskExecutor-1,PROCESS,InvalidDataException,"MovimientoAnual{cuentaId=107, fecha=2024-10-17, transaccion='pago', monto=2500}","Tipo de transaccion anual no valido: pago"
taskExecutor-2,PROCESS,InvalidDataException,"MovimientoAnual{cuentaId=118, fecha=2024-11-14, transaccion='retiro', monto=-500}","Monto no positivo en estado de cuenta (cuenta 118): -500"
taskExecutor-2,PROCESS,InvalidDataException,"MovimientoAnual{cuentaId=102, fecha=2024-10-04, transaccion='compra', monto=-500}","Monto no positivo en estado de cuenta (cuenta 102): -500"
taskExecutor-3,PROCESS,InvalidDataException,"MovimientoAnual{cuentaId=106, fecha=2024-11-20, transaccion='pago', monto=-100}","Tipo de transaccion anual no valido: pago"
taskExecutor-2,PROCESS,InvalidDataException,"MovimientoAnual{cuentaId=117, fecha=2024-09-13, transaccion='pago', monto=1500}","Tipo de transaccion anual no valido: pago"
taskExecutor-1,PROCESS,InvalidDataException,"MovimientoAnual{cuentaId=101, fecha=2024-04-03, transaccion='pago', monto=1500}","Tipo de transaccion anual no valido: pago"
taskExecutor-3,PROCESS,InvalidDataException,"MovimientoAnual{cuentaId=109, fecha=2024-11-12, transaccion='compra', monto=-100}","Monto no positivo en estado de cuenta (cuenta 109): -100"
taskExecutor-2,PROCESS,InvalidDataException,"MovimientoAnual{cuentaId=102, fecha=2024-05-11, transaccion='retiro', monto=-100}","Monto no positivo en estado de cuenta (cuenta 102): -100"
taskExecutor-3,PROCESS,InvalidDataException,"MovimientoAnual{cuentaId=107, fecha=2024-12-30, transaccion='retiro', monto=-500}","Monto no positivo en estado de cuenta (cuenta 107): -500"
taskExecutor-1,PROCESS,InvalidDataException,"MovimientoAnual{cuentaId=116, fecha=2024-03-19, transaccion='compra', monto=-500}","Monto no positivo en estado de cuenta (cuenta 116): -500"
taskExecutor-3,PROCESS,InvalidDataException,"MovimientoAnual{cuentaId=114, fecha=2024-10-16, transaccion='retiro', monto=null}","Movimiento anual incompleto: MovimientoAnual{cuentaId=114, fecha=2024-10-16, transaccion='retiro', monto=null}"
taskExecutor-2,PROCESS,InvalidDataException,"MovimientoAnual{cuentaId=112, fecha=2024-05-30, transaccion='pago', monto=-100}","Tipo de transaccion anual no valido: pago"
taskExecutor-3,PROCESS,InvalidDataException,"MovimientoAnual{cuentaId=110, fecha=2024-06-22, transaccion='pago', monto=2000}","Tipo de transaccion anual no valido: pago"
taskExecutor-1,PROCESS,InvalidDataException,"MovimientoAnual{cuentaId=110, fecha=2024-06-06, transaccion='compra', monto=-100}","Monto no positivo en estado de cuenta (cuenta 110): -100"
taskExecutor-2,PROCESS,InvalidDataException,"MovimientoAnual{cuentaId=113, fecha=2024-09-08, transaccion='deposito', monto=-100}","Monto no positivo en estado de cuenta (cuenta 113): -100"
taskExecutor-1,PROCESS,InvalidDataException,"MovimientoAnual{cuentaId=109, fecha=2024-07-15, transaccion='compra', monto=0}","Monto no positivo en estado de cuenta (cuenta 109): 0"
taskExecutor-3,PROCESS,InvalidDataException,"MovimientoAnual{cuentaId=105, fecha=2024-10-26, transaccion='compra', monto=-1000}","Monto no positivo en estado de cuenta (cuenta 105): -1000"
taskExecutor-1,PROCESS,InvalidDataException,"MovimientoAnual{cuentaId=108, fecha=2024-10-12, transaccion='pago', monto=-100}","Tipo de transaccion anual no valido: pago"
taskExecutor-2,PROCESS,InvalidDataException,"MovimientoAnual{cuentaId=120, fecha=2024-05-15, transaccion='retiro', monto=-500}","Monto no positivo en estado de cuenta (cuenta 120): -500"
taskExecutor-3,PROCESS,InvalidDataException,"MovimientoAnual{cuentaId=104, fecha=2024-09-06, transaccion='retiro', monto=-500}","Monto no positivo en estado de cuenta (cuenta 104): -500"
taskExecutor-1,PROCESS,InvalidDataException,"MovimientoAnual{cuentaId=101, fecha=2024-01-12, transaccion='compra', monto=-500}","Monto no positivo en estado de cuenta (cuenta 101): -500"
taskExecutor-2,PROCESS,InvalidDataException,"MovimientoAnual{cuentaId=110, fecha=2024-11-15, transaccion='deposito', monto=0}","Monto no positivo en estado de cuenta (cuenta 110): 0"
taskExecutor-1,PROCESS,InvalidDataException,"MovimientoAnual{cuentaId=114, fecha=2024-05-18, transaccion='deposito', monto=null}","Movimiento anual incompleto: MovimientoAnual{cuentaId=114, fecha=2024-05-18, transaccion='deposito', monto=null}"
taskExecutor-3,PROCESS,InvalidDataException,"MovimientoAnual{cuentaId=118, fecha=2024-08-13, transaccion='deposito', monto=-500}","Monto no positivo en estado de cuenta (cuenta 118): -500"
taskExecutor-1,PROCESS,InvalidDataException,"MovimientoAnual{cuentaId=101, fecha=2024-05-25, transaccion='deposito', monto=-100}","Monto no positivo en estado de cuenta (cuenta 101): -100"
taskExecutor-2,PROCESS,InvalidDataException,"MovimientoAnual{cuentaId=102, fecha=2024-10-06, transaccion='retiro', monto=-500}","Monto no positivo en estado de cuenta (cuenta 102): -500"
taskExecutor-1,PROCESS,InvalidDataException,"MovimientoAnual{cuentaId=114, fecha=2024-01-22, transaccion='deposito', monto=-500}","Monto no positivo en estado de cuenta (cuenta 114): -500"
taskExecutor-3,PROCESS,InvalidDataException,"MovimientoAnual{cuentaId=113, fecha=2024-09-30, transaccion='deposito', monto=-500}","Monto no positivo en estado de cuenta (cuenta 113): -500"
taskExecutor-1,PROCESS,InvalidDataException,"MovimientoAnual{cuentaId=120, fecha=2024-02-07, transaccion='retiro', monto=-100}","Monto no positivo en estado de cuenta (cuenta 120): -100"
taskExecutor-2,PROCESS,InvalidDataException,"MovimientoAnual{cuentaId=116, fecha=2024-03-10, transaccion='retiro', monto=null}","Movimiento anual incompleto: MovimientoAnual{cuentaId=116, fecha=2024-03-10, transaccion='retiro', monto=null}"
taskExecutor-1,PROCESS,InvalidDataException,"MovimientoAnual{cuentaId=112, fecha=2024-08-11, transaccion='deposito', monto=null}","Movimiento anual incompleto: MovimientoAnual{cuentaId=112, fecha=2024-08-11, transaccion='deposito', monto=null}"
taskExecutor-3,PROCESS,InvalidDataException,"MovimientoAnual{cuentaId=106, fecha=2024-11-26, transaccion='pago', monto=1500}","Tipo de transaccion anual no valido: pago"
taskExecutor-2,PROCESS,InvalidDataException,"MovimientoAnual{cuentaId=117, fecha=2024-04-25, transaccion='compra', monto=-100}","Monto no positivo en estado de cuenta (cuenta 117): -100"
taskExecutor-3,PROCESS,InvalidDataException,"MovimientoAnual{cuentaId=116, fecha=2024-04-19, transaccion='pago', monto=1500}","Tipo de transaccion anual no valido: pago"
taskExecutor-1,PROCESS,InvalidDataException,"MovimientoAnual{cuentaId=107, fecha=2024-02-07, transaccion='deposito', monto=null}","Movimiento anual incompleto: MovimientoAnual{cuentaId=107, fecha=2024-02-07, transaccion='deposito', monto=null}"
taskExecutor-3,PROCESS,InvalidDataException,"MovimientoAnual{cuentaId=114, fecha=2024-07-04, transaccion='compra', monto=-100}","Monto no positivo en estado de cuenta (cuenta 114): -100"
taskExecutor-2,PROCESS,InvalidDataException,"MovimientoAnual{cuentaId=101, fecha=2024-08-24, transaccion='compra', monto=0}","Monto no positivo en estado de cuenta (cuenta 101): 0"
taskExecutor-1,PROCESS,InvalidDataException,"MovimientoAnual{cuentaId=101, fecha=2024-09-30, transaccion='deposito', monto=-500}","Monto no positivo en estado de cuenta (cuenta 101): -500"
taskExecutor-3,PROCESS,InvalidDataException,"MovimientoAnual{cuentaId=109, fecha=2024-05-20, transaccion='compra', monto=-500}","Monto no positivo en estado de cuenta (cuenta 109): -500"
taskExecutor-2,PROCESS,InvalidDataException,"MovimientoAnual{cuentaId=104, fecha=2024-05-31, transaccion='retiro', monto=null}","Movimiento anual incompleto: MovimientoAnual{cuentaId=104, fecha=2024-05-31, transaccion='retiro', monto=null}"
taskExecutor-3,PROCESS,InvalidDataException,"MovimientoAnual{cuentaId=107, fecha=2024-09-26, transaccion='compra', monto=-100}","Monto no positivo en estado de cuenta (cuenta 107): -100"
taskExecutor-1,PROCESS,InvalidDataException,"MovimientoAnual{cuentaId=118, fecha=2024-05-20, transaccion='retiro', monto=null}","Movimiento anual incompleto: MovimientoAnual{cuentaId=118, fecha=2024-05-20, transaccion='retiro', monto=null}"
taskExecutor-2,PROCESS,InvalidDataException,"MovimientoAnual{cuentaId=110, fecha=2024-06-20, transaccion='retiro', monto=-500}","Monto no positivo en estado de cuenta (cuenta 110): -500"
taskExecutor-3,PROCESS,InvalidDataException,"MovimientoAnual{cuentaId=105, fecha=2024-09-09, transaccion='compra', monto=-500}","Monto no positivo en estado de cuenta (cuenta 105): -500"
taskExecutor-2,PROCESS,InvalidDataException,"MovimientoAnual{cuentaId=115, fecha=2024-04-25, transaccion='retiro', monto=-100}","Monto no positivo en estado de cuenta (cuenta 115): -100"
taskExecutor-1,PROCESS,InvalidDataException,"MovimientoAnual{cuentaId=107, fecha=2024-08-29, transaccion='deposito', monto=-100}","Monto no positivo en estado de cuenta (cuenta 107): -100"
taskExecutor-3,PROCESS,InvalidDataException,"MovimientoAnual{cuentaId=114, fecha=2024-10-30, transaccion='retiro', monto=0}","Monto no positivo en estado de cuenta (cuenta 114): 0"
taskExecutor-2,PROCESS,InvalidDataException,"MovimientoAnual{cuentaId=108, fecha=2024-11-21, transaccion='deposito', monto=-500}","Monto no positivo en estado de cuenta (cuenta 108): -500"
taskExecutor-3,PROCESS,InvalidDataException,"MovimientoAnual{cuentaId=115, fecha=2024-10-25, transaccion='deposito', monto=0}","Monto no positivo en estado de cuenta (cuenta 115): 0"
taskExecutor-1,PROCESS,InvalidDataException,"MovimientoAnual{cuentaId=107, fecha=2024-12-03, transaccion='compra', monto=-500}","Monto no positivo en estado de cuenta (cuenta 107): -500"
taskExecutor-3,PROCESS,InvalidDataException,"MovimientoAnual{cuentaId=107, fecha=2024-11-26, transaccion='deposito', monto=-500}","Monto no positivo en estado de cuenta (cuenta 107): -500"
taskExecutor-2,PROCESS,InvalidDataException,"MovimientoAnual{cuentaId=105, fecha=2024-04-20, transaccion='retiro', monto=-500}","Monto no positivo en estado de cuenta (cuenta 105): -500"
taskExecutor-3,PROCESS,InvalidDataException,"MovimientoAnual{cuentaId=119, fecha=2024-02-18, transaccion='pago', monto=1000}","Tipo de transaccion anual no valido: pago"
taskExecutor-1,PROCESS,InvalidDataException,"MovimientoAnual{cuentaId=105, fecha=2024-04-22, transaccion='retiro', monto=-500}","Monto no positivo en estado de cuenta (cuenta 105): -500"
taskExecutor-2,PROCESS,InvalidDataException,"MovimientoAnual{cuentaId=110, fecha=2024-11-01, transaccion='retiro', monto=-500}","Monto no positivo en estado de cuenta (cuenta 110): -500"
taskExecutor-3,PROCESS,InvalidDataException,"MovimientoAnual{cuentaId=112, fecha=2024-12-16, transaccion='compra', monto=-100}","Monto no positivo en estado de cuenta (cuenta 112): -100"
taskExecutor-1,PROCESS,InvalidDataException,"MovimientoAnual{cuentaId=107, fecha=2024-02-18, transaccion='pago', monto=2000}","Tipo de transaccion anual no valido: pago"
taskExecutor-3,PROCESS,InvalidDataException,"MovimientoAnual{cuentaId=117, fecha=2024-02-01, transaccion='retiro', monto=-100}","Monto no positivo en estado de cuenta (cuenta 117): -100"
taskExecutor-2,PROCESS,InvalidDataException,"MovimientoAnual{cuentaId=120, fecha=2024-12-27, transaccion='compra', monto=-100}","Monto no positivo en estado de cuenta (cuenta 120): -100"
taskExecutor-3,PROCESS,InvalidDataException,"MovimientoAnual{cuentaId=114, fecha=2024-10-20, transaccion='compra', monto=-100}","Monto no positivo en estado de cuenta (cuenta 114): -100"
taskExecutor-1,PROCESS,InvalidDataException,"MovimientoAnual{cuentaId=101, fecha=2024-09-01, transaccion='compra', monto=null}","Movimiento anual incompleto: MovimientoAnual{cuentaId=101, fecha=2024-09-01, transaccion='compra', monto=null}"
taskExecutor-2,PROCESS,InvalidDataException,"MovimientoAnual{cuentaId=104, fecha=2024-07-07, transaccion='deposito', monto=-100}","Monto no positivo en estado de cuenta (cuenta 104): -100"
taskExecutor-3,PROCESS,InvalidDataException,"MovimientoAnual{cuentaId=104, fecha=2024-03-01, transaccion='retiro', monto=-500}","Monto no positivo en estado de cuenta (cuenta 104): -500"
taskExecutor-2,PROCESS,InvalidDataException,"MovimientoAnual{cuentaId=113, fecha=2024-12-13, transaccion='compra', monto=null}","Movimiento anual incompleto: MovimientoAnual{cuentaId=113, fecha=2024-12-13, transaccion='compra', monto=null}"
taskExecutor-1,PROCESS,InvalidDataException,"MovimientoAnual{cuentaId=101, fecha=2024-11-24, transaccion='deposito', monto=-100}","Monto no positivo en estado de cuenta (cuenta 101): -100"
taskExecutor-2,PROCESS,InvalidDataException,"MovimientoAnual{cuentaId=117, fecha=2024-11-15, transaccion='deposito', monto=0}","Monto no positivo en estado de cuenta (cuenta 117): 0"
taskExecutor-3,PROCESS,InvalidDataException,"MovimientoAnual{cuentaId=102, fecha=2024-12-28, transaccion='retiro', monto=-500}","Monto no positivo en estado de cuenta (cuenta 102): -500"
taskExecutor-1,PROCESS,InvalidDataException,"MovimientoAnual{cuentaId=104, fecha=2024-06-20, transaccion='compra', monto=-500}","Monto no positivo en estado de cuenta (cuenta 104): -500"
taskExecutor-2,PROCESS,InvalidDataException,"MovimientoAnual{cuentaId=102, fecha=2024-12-27, transaccion='retiro', monto=null}","Movimiento anual incompleto: MovimientoAnual{cuentaId=102, fecha=2024-12-27, transaccion='retiro', monto=null}"
taskExecutor-3,PROCESS,InvalidDataException,"MovimientoAnual{cuentaId=109, fecha=2024-09-11, transaccion='deposito', monto=-100}","Monto no positivo en estado de cuenta (cuenta 109): -100"
taskExecutor-2,PROCESS,InvalidDataException,"MovimientoAnual{cuentaId=104, fecha=2024-08-13, transaccion='retiro', monto=-500}","Monto no positivo en estado de cuenta (cuenta 104): -500"
taskExecutor-1,PROCESS,InvalidDataException,"MovimientoAnual{cuentaId=109, fecha=2024-08-19, transaccion='retiro', monto=-500}","Monto no positivo en estado de cuenta (cuenta 109): -500"
taskExecutor-2,PROCESS,InvalidDataException,"MovimientoAnual{cuentaId=119, fecha=2024-09-19, transaccion='retiro', monto=-500}","Monto no positivo en estado de cuenta (cuenta 119): -500"
taskExecutor-3,PROCESS,InvalidDataException,"MovimientoAnual{cuentaId=101, fecha=2024-07-09, transaccion='retiro', monto=-1000}","Monto no positivo en estado de cuenta (cuenta 101): -1000"
taskExecutor-2,PROCESS,InvalidDataException,"MovimientoAnual{cuentaId=116, fecha=2024-04-04, transaccion='compra', monto=null}","Movimiento anual incompleto: MovimientoAnual{cuentaId=116, fecha=2024-04-04, transaccion='compra', monto=null}"
taskExecutor-1,PROCESS,InvalidDataException,"MovimientoAnual{cuentaId=101, fecha=2024-05-27, transaccion='deposito', monto=null}","Movimiento anual incompleto: MovimientoAnual{cuentaId=101, fecha=2024-05-27, transaccion='deposito', monto=null}"
taskExecutor-2,PROCESS,InvalidDataException,"MovimientoAnual{cuentaId=106, fecha=2024-08-22, transaccion='compra', monto=-500}","Monto no positivo en estado de cuenta (cuenta 106): -500"
taskExecutor-3,PROCESS,InvalidDataException,"MovimientoAnual{cuentaId=114, fecha=2024-07-09, transaccion='compra', monto=-500}","Monto no positivo en estado de cuenta (cuenta 114): -500"
taskExecutor-1,PROCESS,InvalidDataException,"MovimientoAnual{cuentaId=113, fecha=2024-05-02, transaccion='compra', monto=-100}","Monto no positivo en estado de cuenta (cuenta 113): -100"
taskExecutor-3,PROCESS,InvalidDataException,"MovimientoAnual{cuentaId=115, fecha=2024-02-22, transaccion='pago', monto=3000}","Tipo de transaccion anual no valido: pago"
taskExecutor-2,PROCESS,InvalidDataException,"MovimientoAnual{cuentaId=102, fecha=2024-10-01, transaccion='compra', monto=-500}","Monto no positivo en estado de cuenta (cuenta 102): -500"
taskExecutor-3,PROCESS,InvalidDataException,"MovimientoAnual{cuentaId=117, fecha=2024-09-27, transaccion='pago', monto=3000}","Tipo de transaccion anual no valido: pago"
taskExecutor-1,PROCESS,InvalidDataException,"MovimientoAnual{cuentaId=102, fecha=2024-11-29, transaccion='compra', monto=null}","Movimiento anual incompleto: MovimientoAnual{cuentaId=102, fecha=2024-11-29, transaccion='compra', monto=null}"
taskExecutor-3,PROCESS,InvalidDataException,"MovimientoAnual{cuentaId=108, fecha=2024-08-16, transaccion='deposito', monto=-100}","Monto no positivo en estado de cuenta (cuenta 108): -100"
taskExecutor-2,PROCESS,InvalidDataException,"MovimientoAnual{cuentaId=105, fecha=2024-04-10, transaccion='retiro', monto=-500}","Monto no positivo en estado de cuenta (cuenta 105): -500"
taskExecutor-1,PROCESS,InvalidDataException,"MovimientoAnual{cuentaId=108, fecha=2024-01-22, transaccion='deposito', monto=-500}","Monto no positivo en estado de cuenta (cuenta 108): -500"
taskExecutor-3,PROCESS,InvalidDataException,"MovimientoAnual{cuentaId=108, fecha=2024-12-20, transaccion='compra', monto=-100}","Monto no positivo en estado de cuenta (cuenta 108): -100"
taskExecutor-2,PROCESS,InvalidDataException,"MovimientoAnual{cuentaId=106, fecha=2024-01-30, transaccion='retiro', monto=-500}","Monto no positivo en estado de cuenta (cuenta 106): -500"
taskExecutor-1,PROCESS,InvalidDataException,"MovimientoAnual{cuentaId=112, fecha=2024-08-30, transaccion='deposito', monto=-500}","Monto no positivo en estado de cuenta (cuenta 112): -500"
taskExecutor-3,PROCESS,InvalidDataException,"MovimientoAnual{cuentaId=106, fecha=2024-02-22, transaccion='retiro', monto=-500}","Monto no positivo en estado de cuenta (cuenta 106): -500"
taskExecutor-2,PROCESS,InvalidDataException,"MovimientoAnual{cuentaId=110, fecha=2024-03-24, transaccion='compra', monto=-100}","Monto no positivo en estado de cuenta (cuenta 110): -100"
taskExecutor-1,PROCESS,InvalidDataException,"MovimientoAnual{cuentaId=114, fecha=2024-05-17, transaccion='compra', monto=-100}","Monto no positivo en estado de cuenta (cuenta 114): -100"
taskExecutor-2,PROCESS,InvalidDataException,"MovimientoAnual{cuentaId=102, fecha=2024-06-26, transaccion='retiro', monto=-100}","Monto no positivo en estado de cuenta (cuenta 102): -100"
taskExecutor-2,PROCESS,InvalidDataException,"MovimientoAnual{cuentaId=112, fecha=2024-09-06, transaccion='deposito', monto=0}","Monto no positivo en estado de cuenta (cuenta 112): 0"
taskExecutor-3,PROCESS,InvalidDataException,"MovimientoAnual{cuentaId=117, fecha=2024-02-15, transaccion='retiro', monto=-100}","Monto no positivo en estado de cuenta (cuenta 117): -100"
taskExecutor-2,PROCESS,InvalidDataException,"MovimientoAnual{cuentaId=118, fecha=2024-05-12, transaccion='pago', monto=-500}","Tipo de transaccion anual no valido: pago"
taskExecutor-1,PROCESS,InvalidDataException,"MovimientoAnual{cuentaId=113, fecha=2024-02-13, transaccion='pago', monto=3000}","Tipo de transaccion anual no valido: pago"
taskExecutor-2,PROCESS,InvalidDataException,"MovimientoAnual{cuentaId=110, fecha=2024-03-07, transaccion='retiro', monto=-100}","Monto no positivo en estado de cuenta (cuenta 110): -100"
taskExecutor-3,PROCESS,InvalidDataException,"MovimientoAnual{cuentaId=107, fecha=2024-07-01, transaccion='deposito', monto=-100}","Monto no positivo en estado de cuenta (cuenta 107): -100"
taskExecutor-1,PROCESS,InvalidDataException,"MovimientoAnual{cuentaId=105, fecha=2024-01-08, transaccion='compra', monto=-100}","Monto no positivo en estado de cuenta (cuenta 105): -100"
taskExecutor-2,PROCESS,InvalidDataException,"MovimientoAnual{cuentaId=116, fecha=2024-10-12, transaccion='deposito', monto=-100}","Monto no positivo en estado de cuenta (cuenta 116): -100"
taskExecutor-1,PROCESS,InvalidDataException,"MovimientoAnual{cuentaId=116, fecha=2024-12-18, transaccion='deposito', monto=null}","Movimiento anual incompleto: MovimientoAnual{cuentaId=116, fecha=2024-12-18, transaccion='deposito', monto=null}"
taskExecutor-3,PROCESS,InvalidDataException,"MovimientoAnual{cuentaId=107, fecha=2024-03-21, transaccion='deposito', monto=null}","Movimiento anual incompleto: MovimientoAnual{cuentaId=107, fecha=2024-03-21, transaccion='deposito', monto=null}"
taskExecutor-1,PROCESS,InvalidDataException,"MovimientoAnual{cuentaId=110, fecha=2024-04-03, transaccion='deposito', monto=-100}","Monto no positivo en estado de cuenta (cuenta 110): -100"
taskExecutor-2,PROCESS,InvalidDataException,"MovimientoAnual{cuentaId=107, fecha=2024-04-03, transaccion='retiro', monto=-500}","Monto no positivo en estado de cuenta (cuenta 107): -500"
taskExecutor-1,PROCESS,InvalidDataException,"MovimientoAnual{cuentaId=115, fecha=2024-10-17, transaccion='retiro', monto=-100}","Monto no positivo en estado de cuenta (cuenta 115): -100"
taskExecutor-3,PROCESS,InvalidDataException,"MovimientoAnual{cuentaId=113, fecha=2024-12-04, transaccion='deposito', monto=-500}","Monto no positivo en estado de cuenta (cuenta 113): -500"
taskExecutor-1,PROCESS,InvalidDataException,"MovimientoAnual{cuentaId=107, fecha=2024-04-06, transaccion='retiro', monto=null}","Movimiento anual incompleto: MovimientoAnual{cuentaId=107, fecha=2024-04-06, transaccion='retiro', monto=null}"
taskExecutor-2,PROCESS,InvalidDataException,"MovimientoAnual{cuentaId=108, fecha=2024-11-17, transaccion='deposito', monto=-100}","Monto no positivo en estado de cuenta (cuenta 108): -100"
taskExecutor-1,PROCESS,InvalidDataException,"MovimientoAnual{cuentaId=105, fecha=2024-10-07, transaccion='compra', monto=-100}","Monto no positivo en estado de cuenta (cuenta 105): -100"
taskExecutor-3,PROCESS,InvalidDataException,"MovimientoAnual{cuentaId=115, fecha=2024-11-17, transaccion='compra', monto=-500}","Monto no positivo en estado de cuenta (cuenta 115): -500"
taskExecutor-2,PROCESS,InvalidDataException,"MovimientoAnual{cuentaId=102, fecha=2024-03-13, transaccion='compra', monto=-100}","Monto no positivo en estado de cuenta (cuenta 102): -100"
taskExecutor-1,PROCESS,InvalidDataException,"MovimientoAnual{cuentaId=116, fecha=2024-09-06, transaccion='deposito', monto=-100}","Monto no positivo en estado de cuenta (cuenta 116): -100"
taskExecutor-2,PROCESS,InvalidDataException,"MovimientoAnual{cuentaId=101, fecha=2024-04-20, transaccion='compra', monto=-100}","Monto no positivo en estado de cuenta (cuenta 101): -100"
taskExecutor-3,PROCESS,InvalidDataException,"MovimientoAnual{cuentaId=118, fecha=2024-04-12, transaccion='compra', monto=-500}","Monto no positivo en estado de cuenta (cuenta 118): -500"
taskExecutor-2,PROCESS,InvalidDataException,"MovimientoAnual{cuentaId=114, fecha=2024-04-13, transaccion='compra', monto=-100}","Monto no positivo en estado de cuenta (cuenta 114): -100"
taskExecutor-1,PROCESS,InvalidDataException,"MovimientoAnual{cuentaId=118, fecha=2024-04-12, transaccion='deposito', monto=-100}","Monto no positivo en estado de cuenta (cuenta 118): -100"
taskExecutor-2,PROCESS,InvalidDataException,"MovimientoAnual{cuentaId=105, fecha=2024-03-11, transaccion='retiro', monto=null}","Movimiento anual incompleto: MovimientoAnual{cuentaId=105, fecha=2024-03-11, transaccion='retiro', monto=null}"
taskExecutor-3,PROCESS,InvalidDataException,"MovimientoAnual{cuentaId=101, fecha=2024-10-16, transaccion='deposito', monto=-100}","Monto no positivo en estado de cuenta (cuenta 101): -100"
taskExecutor-1,PROCESS,InvalidDataException,"MovimientoAnual{cuentaId=115, fecha=2024-01-10, transaccion='deposito', monto=-1000}","Monto no positivo en estado de cuenta (cuenta 115): -1000"
taskExecutor-2,PROCESS,InvalidDataException,"MovimientoAnual{cuentaId=105, fecha=2024-02-14, transaccion='retiro', monto=-100}","Monto no positivo en estado de cuenta (cuenta 105): -100"
taskExecutor-1,PROCESS,InvalidDataException,"MovimientoAnual{cuentaId=108, fecha=2024-02-20, transaccion='retiro', monto=-100}","Monto no positivo en estado de cuenta (cuenta 108): -100"
taskExecutor-3,PROCESS,InvalidDataException,"MovimientoAnual{cuentaId=115, fecha=2024-06-22, transaccion='deposito', monto=-500}","Monto no positivo en estado de cuenta (cuenta 115): -500"
taskExecutor-1,PROCESS,InvalidDataException,"MovimientoAnual{cuentaId=102, fecha=2024-12-17, transaccion='deposito', monto=-100}","Monto no positivo en estado de cuenta (cuenta 102): -100"
taskExecutor-2,PROCESS,InvalidDataException,"MovimientoAnual{cuentaId=119, fecha=2024-02-16, transaccion='deposito', monto=-500}","Monto no positivo en estado de cuenta (cuenta 119): -500"
taskExecutor-3,PROCESS,InvalidDataException,"MovimientoAnual{cuentaId=118, fecha=2024-08-25, transaccion='deposito', monto=-100}","Monto no positivo en estado de cuenta (cuenta 118): -100"
taskExecutor-1,PROCESS,InvalidDataException,"MovimientoAnual{cuentaId=114, fecha=2024-11-17, transaccion='compra', monto=-100}","Monto no positivo en estado de cuenta (cuenta 114): -100"
taskExecutor-3,PROCESS,InvalidDataException,"MovimientoAnual{cuentaId=107, fecha=2024-12-08, transaccion='compra', monto=null}","Movimiento anual incompleto: MovimientoAnual{cuentaId=107, fecha=2024-12-08, transaccion='compra', monto=null}"
taskExecutor-2,PROCESS,InvalidDataException,"MovimientoAnual{cuentaId=101, fecha=2024-04-08, transaccion='retiro', monto=-100}","Monto no positivo en estado de cuenta (cuenta 101): -100"
taskExecutor-3,PROCESS,InvalidDataException,"MovimientoAnual{cuentaId=106, fecha=2024-10-19, transaccion='deposito', monto=null}","Movimiento anual incompleto: MovimientoAnual{cuentaId=106, fecha=2024-10-19, transaccion='deposito', monto=null}"
taskExecutor-1,PROCESS,InvalidDataException,"MovimientoAnual{cuentaId=117, fecha=2024-07-20, transaccion='compra', monto=-500}","Monto no positivo en estado de cuenta (cuenta 117): -500"
taskExecutor-2,PROCESS,InvalidDataException,"MovimientoAnual{cuentaId=106, fecha=2024-12-11, transaccion='deposito', monto=-100}","Monto no positivo en estado de cuenta (cuenta 106): -100"
taskExecutor-3,PROCESS,InvalidDataException,"MovimientoAnual{cuentaId=108, fecha=2024-12-12, transaccion='compra', monto=-100}","Monto no positivo en estado de cuenta (cuenta 108): -100"
taskExecutor-2,PROCESS,InvalidDataException,"MovimientoAnual{cuentaId=112, fecha=2024-10-16, transaccion='retiro', monto=-100}","Monto no positivo en estado de cuenta (cuenta 112): -100"
taskExecutor-1,PROCESS,InvalidDataException,"MovimientoAnual{cuentaId=111, fecha=2024-03-11, transaccion='deposito', monto=-500}","Monto no positivo en estado de cuenta (cuenta 111): -500"
taskExecutor-2,PROCESS,InvalidDataException,"MovimientoAnual{cuentaId=120, fecha=2024-08-06, transaccion='deposito', monto=-500}","Monto no positivo en estado de cuenta (cuenta 120): -500"
taskExecutor-3,PROCESS,InvalidDataException,"MovimientoAnual{cuentaId=105, fecha=2024-08-11, transaccion='deposito', monto=null}","Movimiento anual incompleto: MovimientoAnual{cuentaId=105, fecha=2024-08-11, transaccion='deposito', monto=null}"
taskExecutor-1,PROCESS,InvalidDataException,"MovimientoAnual{cuentaId=120, fecha=2024-08-12, transaccion='retiro', monto=-500}","Monto no positivo en estado de cuenta (cuenta 120): -500"
taskExecutor-2,PROCESS,InvalidDataException,"MovimientoAnual{cuentaId=105, fecha=2024-11-30, transaccion='deposito', monto=-500}","Monto no positivo en estado de cuenta (cuenta 105): -500"
taskExecutor-1,PROCESS,InvalidDataException,"MovimientoAnual{cuentaId=116, fecha=2024-07-28, transaccion='compra', monto=-1000}","Monto no positivo en estado de cuenta (cuenta 116): -1000"
taskExecutor-3,PROCESS,InvalidDataException,"MovimientoAnual{cuentaId=108, fecha=2024-09-30, transaccion='retiro', monto=-500}","Monto no positivo en estado de cuenta (cuenta 108): -500"
taskExecutor-2,PROCESS,InvalidDataException,"MovimientoAnual{cuentaId=103, fecha=2024-09-04, transaccion='deposito', monto=-500}","Monto no positivo en estado de cuenta (cuenta 103): -500"
taskExecutor-1,PROCESS,InvalidDataException,"MovimientoAnual{cuentaId=115, fecha=2024-02-09, transaccion='compra', monto=0}","Monto no positivo en estado de cuenta (cuenta 115): 0"
taskExecutor-2,PROCESS,InvalidDataException,"MovimientoAnual{cuentaId=115, fecha=2024-07-26, transaccion='compra', monto=-500}","Monto no positivo en estado de cuenta (cuenta 115): -500"
taskExecutor-3,PROCESS,InvalidDataException,"MovimientoAnual{cuentaId=110, fecha=2024-11-03, transaccion='compra', monto=-100}","Monto no positivo en estado de cuenta (cuenta 110): -100"
taskExecutor-2,PROCESS,InvalidDataException,"MovimientoAnual{cuentaId=104, fecha=2024-10-01, transaccion='pago', monto=-500}","Tipo de transaccion anual no valido: pago"
taskExecutor-1,PROCESS,InvalidDataException,"MovimientoAnual{cuentaId=111, fecha=2024-04-27, transaccion='deposito', monto=-100}","Monto no positivo en estado de cuenta (cuenta 111): -100"
taskExecutor-2,PROCESS,InvalidDataException,"MovimientoAnual{cuentaId=109, fecha=2024-03-18, transaccion='compra', monto=-500}","Monto no positivo en estado de cuenta (cuenta 109): -500"
taskExecutor-3,PROCESS,InvalidDataException,"MovimientoAnual{cuentaId=108, fecha=2024-09-29, transaccion='deposito', monto=null}","Movimiento anual incompleto: MovimientoAnual{cuentaId=108, fecha=2024-09-29, transaccion='deposito', monto=null}"
taskExecutor-2,PROCESS,InvalidDataException,"MovimientoAnual{cuentaId=118, fecha=2024-09-12, transaccion='compra', monto=-100}","Monto no positivo en estado de cuenta (cuenta 118): -100"
taskExecutor-1,PROCESS,InvalidDataException,"MovimientoAnual{cuentaId=104, fecha=2024-08-10, transaccion='deposito', monto=-500}","Monto no positivo en estado de cuenta (cuenta 104): -500"
taskExecutor-3,PROCESS,InvalidDataException,"MovimientoAnual{cuentaId=102, fecha=2024-03-11, transaccion='deposito', monto=-100}","Monto no positivo en estado de cuenta (cuenta 102): -100"
taskExecutor-2,PROCESS,InvalidDataException,"MovimientoAnual{cuentaId=111, fecha=2024-08-05, transaccion='retiro', monto=-100}","Monto no positivo en estado de cuenta (cuenta 111): -100"
taskExecutor-1,PROCESS,InvalidDataException,"MovimientoAnual{cuentaId=117, fecha=2024-04-19, transaccion='retiro', monto=null}","Movimiento anual incompleto: MovimientoAnual{cuentaId=117, fecha=2024-04-19, transaccion='retiro', monto=null}"
taskExecutor-2,PROCESS,InvalidDataException,"MovimientoAnual{cuentaId=114, fecha=2024-08-10, transaccion='deposito', monto=-500}","Monto no positivo en estado de cuenta (cuenta 114): -500"
taskExecutor-3,PROCESS,InvalidDataException,"MovimientoAnual{cuentaId=102, fecha=2024-11-01, transaccion='compra', monto=-100}","Monto no positivo en estado de cuenta (cuenta 102): -100"
taskExecutor-2,PROCESS,InvalidDataException,"MovimientoAnual{cuentaId=109, fecha=2024-09-03, transaccion='retiro', monto=null}","Movimiento anual incompleto: MovimientoAnual{cuentaId=109, fecha=2024-09-03, transaccion='retiro', monto=null}"
taskExecutor-1,PROCESS,InvalidDataException,"MovimientoAnual{cuentaId=107, fecha=2024-01-15, transaccion='deposito', monto=-100}","Monto no positivo en estado de cuenta (cuenta 107): -100"
taskExecutor-3,PROCESS,InvalidDataException,"MovimientoAnual{cuentaId=104, fecha=2024-08-08, transaccion='compra', monto=-100}","Monto no positivo en estado de cuenta (cuenta 104): -100"
taskExecutor-2,PROCESS,InvalidDataException,"MovimientoAnual{cuentaId=115, fecha=2024-09-14, transaccion='compra', monto=-100}","Monto no positivo en estado de cuenta (cuenta 115): -100"
taskExecutor-1,PROCESS,InvalidDataException,"MovimientoAnual{cuentaId=114, fecha=2024-02-19, transaccion='deposito', monto=-500}","Monto no positivo en estado de cuenta (cuenta 114): -500"
taskExecutor-2,PROCESS,InvalidDataException,"MovimientoAnual{cuentaId=104, fecha=2024-04-02, transaccion='retiro', monto=-100}","Monto no positivo en estado de cuenta (cuenta 104): -100"
taskExecutor-3,PROCESS,InvalidDataException,"MovimientoAnual{cuentaId=106, fecha=2024-09-27, transaccion='compra', monto=-100}","Monto no positivo en estado de cuenta (cuenta 106): -100"
taskExecutor-2,PROCESS,InvalidDataException,"MovimientoAnual{cuentaId=101, fecha=2024-01-17, transaccion='retiro', monto=-100}","Monto no positivo en estado de cuenta (cuenta 101): -100"
taskExecutor-1,PROCESS,InvalidDataException,"MovimientoAnual{cuentaId=105, fecha=2024-01-11, transaccion='pago', monto=2500}","Tipo de transaccion anual no valido: pago"
taskExecutor-2,PROCESS,InvalidDataException,"MovimientoAnual{cuentaId=118, fecha=2024-01-11, transaccion='retiro', monto=null}","Movimiento anual incompleto: MovimientoAnual{cuentaId=118, fecha=2024-01-11, transaccion='retiro', monto=null}"
taskExecutor-2,PROCESS,InvalidDataException,"MovimientoAnual{cuentaId=102, fecha=2024-10-10, transaccion='retiro', monto=-100}","Monto no positivo en estado de cuenta (cuenta 102): -100"
taskExecutor-3,PROCESS,InvalidDataException,"MovimientoAnual{cuentaId=106, fecha=2024-05-04, transaccion='compra', monto=-500}","Monto no positivo en estado de cuenta (cuenta 106): -500"
taskExecutor-1,PROCESS,InvalidDataException,"MovimientoAnual{cuentaId=102, fecha=2024-07-16, transaccion='deposito', monto=-500}","Monto no positivo en estado de cuenta (cuenta 102): -500"
taskExecutor-2,PROCESS,InvalidDataException,"MovimientoAnual{cuentaId=106, fecha=2024-07-12, transaccion='deposito', monto=-100}","Monto no positivo en estado de cuenta (cuenta 106): -100"
taskExecutor-3,PROCESS,InvalidDataException,"MovimientoAnual{cuentaId=116, fecha=2024-11-01, transaccion='deposito', monto=-100}","Monto no positivo en estado de cuenta (cuenta 116): -100"
taskExecutor-2,PROCESS,InvalidDataException,"MovimientoAnual{cuentaId=114, fecha=2024-09-16, transaccion='compra', monto=null}","Movimiento anual incompleto: MovimientoAnual{cuentaId=114, fecha=2024-09-16, transaccion='compra', monto=null}"
taskExecutor-1,PROCESS,InvalidDataException,"MovimientoAnual{cuentaId=113, fecha=2024-11-13, transaccion='pago', monto=2000}","Tipo de transaccion anual no valido: pago"
taskExecutor-2,PROCESS,InvalidDataException,"MovimientoAnual{cuentaId=106, fecha=2024-08-31, transaccion='compra', monto=-100}","Monto no positivo en estado de cuenta (cuenta 106): -100"
taskExecutor-3,PROCESS,InvalidDataException,"MovimientoAnual{cuentaId=101, fecha=2024-12-26, transaccion='deposito', monto=-100}","Monto no positivo en estado de cuenta (cuenta 101): -100"
taskExecutor-2,PROCESS,InvalidDataException,"MovimientoAnual{cuentaId=106, fecha=2024-04-10, transaccion='deposito', monto=-500}","Monto no positivo en estado de cuenta (cuenta 106): -500"
taskExecutor-1,PROCESS,InvalidDataException,"MovimientoAnual{cuentaId=111, fecha=2024-12-27, transaccion='compra', monto=-500}","Monto no positivo en estado de cuenta (cuenta 111): -500"
taskExecutor-2,PROCESS,InvalidDataException,"MovimientoAnual{cuentaId=105, fecha=2024-04-18, transaccion='pago', monto=3000}","Tipo de transaccion anual no valido: pago"
taskExecutor-3,PROCESS,InvalidDataException,"MovimientoAnual{cuentaId=110, fecha=2024-11-15, transaccion='compra', monto=-100}","Monto no positivo en estado de cuenta (cuenta 110): -100"
taskExecutor-2,PROCESS,InvalidDataException,"MovimientoAnual{cuentaId=105, fecha=2024-05-23, transaccion='compra', monto=-100}","Monto no positivo en estado de cuenta (cuenta 105): -100"
taskExecutor-1,PROCESS,InvalidDataException,"MovimientoAnual{cuentaId=115, fecha=2024-12-01, transaccion='pago', monto=-100}","Tipo de transaccion anual no valido: pago"
taskExecutor-3,PROCESS,InvalidDataException,"MovimientoAnual{cuentaId=116, fecha=2024-01-17, transaccion='retiro', monto=-100}","Monto no positivo en estado de cuenta (cuenta 116): -100"
taskExecutor-2,PROCESS,InvalidDataException,"MovimientoAnual{cuentaId=117, fecha=2024-08-02, transaccion='deposito', monto=-100}","Monto no positivo en estado de cuenta (cuenta 117): -100"
taskExecutor-3,PROCESS,InvalidDataException,"MovimientoAnual{cuentaId=107, fecha=2024-08-11, transaccion='retiro', monto=-100}","Monto no positivo en estado de cuenta (cuenta 107): -100"
taskExecutor-1,PROCESS,InvalidDataException,"MovimientoAnual{cuentaId=102, fecha=2024-02-09, transaccion='compra', monto=-100}","Monto no positivo en estado de cuenta (cuenta 102): -100"
taskExecutor-3,PROCESS,InvalidDataException,"MovimientoAnual{cuentaId=119, fecha=2024-02-29, transaccion='compra', monto=null}","Movimiento anual incompleto: MovimientoAnual{cuentaId=119, fecha=2024-02-29, transaccion='compra', monto=null}"
taskExecutor-2,PROCESS,InvalidDataException,"MovimientoAnual{cuentaId=107, fecha=2024-05-08, transaccion='compra', monto=null}","Movimiento anual incompleto: MovimientoAnual{cuentaId=107, fecha=2024-05-08, transaccion='compra', monto=null}"
taskExecutor-3,PROCESS,InvalidDataException,"MovimientoAnual{cuentaId=114, fecha=2024-02-21, transaccion='pago', monto=-500}","Tipo de transaccion anual no valido: pago"
taskExecutor-1,PROCESS,InvalidDataException,"MovimientoAnual{cuentaId=111, fecha=2024-03-07, transaccion='deposito', monto=null}","Movimiento anual incompleto: MovimientoAnual{cuentaId=111, fecha=2024-03-07, transaccion='deposito', monto=null}"
taskExecutor-3,PROCESS,InvalidDataException,"MovimientoAnual{cuentaId=101, fecha=2024-03-07, transaccion='retiro', monto=-100}","Monto no positivo en estado de cuenta (cuenta 101): -100"
taskExecutor-2,PROCESS,InvalidDataException,"MovimientoAnual{cuentaId=103, fecha=2024-05-09, transaccion='deposito', monto=-500}","Monto no positivo en estado de cuenta (cuenta 103): -500"
taskExecutor-1,PROCESS,InvalidDataException,"MovimientoAnual{cuentaId=113, fecha=2024-01-11, transaccion='compra', monto=-100}","Monto no positivo en estado de cuenta (cuenta 113): -100"
taskExecutor-3,PROCESS,InvalidDataException,"MovimientoAnual{cuentaId=102, fecha=2024-12-24, transaccion='pago', monto=3000}","Tipo de transaccion anual no valido: pago"
taskExecutor-1,PROCESS,InvalidDataException,"MovimientoAnual{cuentaId=113, fecha=2024-11-07, transaccion='compra', monto=-500}","Monto no positivo en estado de cuenta (cuenta 113): -500"
taskExecutor-2,PROCESS,InvalidDataException,"MovimientoAnual{cuentaId=112, fecha=2024-03-15, transaccion='compra', monto=null}","Movimiento anual incompleto: MovimientoAnual{cuentaId=112, fecha=2024-03-15, transaccion='compra', monto=null}"
taskExecutor-1,PROCESS,InvalidDataException,"MovimientoAnual{cuentaId=105, fecha=2024-02-11, transaccion='pago', monto=1500}","Tipo de transaccion anual no valido: pago"
taskExecutor-3,PROCESS,InvalidDataException,"MovimientoAnual{cuentaId=119, fecha=2024-07-27, transaccion='retiro', monto=-500}","Monto no positivo en estado de cuenta (cuenta 119): -500"
taskExecutor-2,PROCESS,InvalidDataException,"MovimientoAnual{cuentaId=103, fecha=2024-04-22, transaccion='compra', monto=-100}","Monto no positivo en estado de cuenta (cuenta 103): -100"
taskExecutor-3,PROCESS,InvalidDataException,"MovimientoAnual{cuentaId=101, fecha=2024-01-17, transaccion='pago', monto=-100}","Tipo de transaccion anual no valido: pago"
taskExecutor-1,PROCESS,InvalidDataException,"MovimientoAnual{cuentaId=111, fecha=2024-06-20, transaccion='compra', monto=-100}","Monto no positivo en estado de cuenta (cuenta 111): -100"
taskExecutor-2,PROCESS,InvalidDataException,"MovimientoAnual{cuentaId=107, fecha=2024-08-28, transaccion='pago', monto=-500}","Tipo de transaccion anual no valido: pago"
taskExecutor-3,PROCESS,InvalidDataException,"MovimientoAnual{cuentaId=109, fecha=2024-01-22, transaccion='retiro', monto=-100}","Monto no positivo en estado de cuenta (cuenta 109): -100"
taskExecutor-2,PROCESS,InvalidDataException,"MovimientoAnual{cuentaId=104, fecha=2024-10-01, transaccion='deposito', monto=-100}","Monto no positivo en estado de cuenta (cuenta 104): -100"
taskExecutor-1,PROCESS,InvalidDataException,"MovimientoAnual{cuentaId=112, fecha=2024-11-13, transaccion='deposito', monto=-500}","Monto no positivo en estado de cuenta (cuenta 112): -500"
taskExecutor-2,PROCESS,InvalidDataException,"MovimientoAnual{cuentaId=112, fecha=2024-05-11, transaccion='pago', monto=1500}","Tipo de transaccion anual no valido: pago"
taskExecutor-1,PROCESS,InvalidDataException,"MovimientoAnual{cuentaId=111, fecha=2024-12-11, transaccion='pago', monto=1500}","Tipo de transaccion anual no valido: pago"
taskExecutor-2,PROCESS,InvalidDataException,"MovimientoAnual{cuentaId=107, fecha=2024-10-31, transaccion='retiro', monto=-100}","Monto no positivo en estado de cuenta (cuenta 107): -100"
taskExecutor-1,PROCESS,InvalidDataException,"MovimientoAnual{cuentaId=112, fecha=2024-12-27, transaccion='retiro', monto=-1000}","Monto no positivo en estado de cuenta (cuenta 112): -1000"
taskExecutor-2,PROCESS,InvalidDataException,"MovimientoAnual{cuentaId=113, fecha=2024-09-13, transaccion='retiro', monto=null}","Movimiento anual incompleto: MovimientoAnual{cuentaId=113, fecha=2024-09-13, transaccion='retiro', monto=null}"
taskExecutor-1,PROCESS,InvalidDataException,"MovimientoAnual{cuentaId=106, fecha=2024-04-23, transaccion='compra', monto=-500}","Monto no positivo en estado de cuenta (cuenta 106): -500"
taskExecutor-1,PROCESS,InvalidDataException,"MovimientoAnual{cuentaId=104, fecha=2024-10-23, transaccion='compra', monto=-100}","Monto no positivo en estado de cuenta (cuenta 104): -100"
taskExecutor-1,PROCESS,InvalidDataException,"MovimientoAnual{cuentaId=112, fecha=2024-12-20, transaccion='retiro', monto=-500}","Monto no positivo en estado de cuenta (cuenta 112): -500"
taskExecutor-1,PROCESS,InvalidDataException,"MovimientoAnual{cuentaId=118, fecha=2024-04-28, transaccion='deposito', monto=-100}","Monto no positivo en estado de cuenta (cuenta 118): -100"
taskExecutor-1,PROCESS,InvalidDataException,"MovimientoAnual{cuentaId=117, fecha=2024-10-28, transaccion='deposito', monto=-100}","Monto no positivo en estado de cuenta (cuenta 117): -100"
taskExecutor-1,PROCESS,InvalidDataException,"MovimientoAnual{cuentaId=118, fecha=2024-05-20, transaccion='pago', monto=2000}","Tipo de transaccion anual no valido: pago"
